"PID","ID_0","ISO","NAME_0","ID_1","NAME_1","ID_2","NAME_2","NL_NAME_2","VARNAME_2","TYPE_2","ENGTYPE_2"
20328,163,"NGA","Nigeria",23,"Kogi",471,"Ankpa","","","Local Authority","Local Authority"
20329,163,"NGA","Nigeria",23,"Kogi",472,"Bassa","","","Local Authority","Local Authority"
20330,163,"NGA","Nigeria",23,"Kogi",473,"Dekina","","","Local Authority","Local Authority"
20331,163,"NGA","Nigeria",23,"Kogi",474,"Ibaji","","","Local Authority","Local Authority"
20332,163,"NGA","Nigeria",23,"Kogi",475,"Idah","","","Local Authority","Local Authority"
20333,163,"NGA","Nigeria",23,"Kogi",476,"Igalamela-Odolu","","","Local Authority","Local Authority"
20334,163,"NGA","Nigeria",23,"Kogi",477,"Ijumu","","","Local Authority","Local Authority"
20335,163,"NGA","Nigeria",23,"Kogi",478,"Kabba/Bu","","Kabba /Bunu","Local Authority","Local Authority"
20336,163,"NGA","Nigeria",23,"Kogi",479,"Kotonkar","","Koton-Karfe","Local Authority","Local Authority"
20337,163,"NGA","Nigeria",23,"Kogi",480,"Lokoja","","","Local Authority","Local Authority"
20338,163,"NGA","Nigeria",23,"Kogi",481,"Mopa-Muro","","","Local Authority","Local Authority"
20339,163,"NGA","Nigeria",23,"Kogi",482,"Ofu","","","Local Authority","Local Authority"
20340,163,"NGA","Nigeria",23,"Kogi",483,"Ogori/Magongo","","","Local Authority","Local Authority"
20341,163,"NGA","Nigeria",23,"Kogi",484,"Okehi","","","Local Authority","Local Authority"
20342,163,"NGA","Nigeria",23,"Kogi",485,"Okene","","","Local Authority","Local Authority"
20343,163,"NGA","Nigeria",23,"Kogi",486,"Olamabor","","Olamaboro","Local Authority","Local Authority"
20344,163,"NGA","Nigeria",23,"Kogi",487,"Omala","","","Local Authority","Local Authority"
20345,163,"NGA","Nigeria",23,"Kogi",488,"Yagba East","","","Local Authority","Local Authority"
20346,163,"NGA","Nigeria",23,"Kogi",489,"Yagba West","","","Local Authority","Local Authority"
20347,163,"NGA","Nigeria",24,"Kwara",490,"Asa","","","Local Authority","Local Authority"
20348,163,"NGA","Nigeria",24,"Kwara",491,"Baruten","","","Local Authority","Local Authority"
20349,163,"NGA","Nigeria",24,"Kwara",492,"Edu","","","Local Authority","Local Authority"
20350,163,"NGA","Nigeria",24,"Kwara",493,"Ekiti","","","Local Authority","Local Authority"
23303,163,"NGA","Nigeria",28,"Ogun",582,"Remo-North","","","Local Authority","Local Authority"
23304,163,"NGA","Nigeria",28,"Ogun",583,"Shagamu","","","Local Authority","Local Authority"
23305,163,"NGA","Nigeria",29,"Ondo",584,"Akoko North-East","","","Local Authority","Local Authority"
23306,163,"NGA","Nigeria",29,"Ondo",585,"Akoko South-East","","","Local Authority","Local Authority"
23307,163,"NGA","Nigeria",29,"Ondo",586,"Akoko South-West","","","Local Authority","Local Authority"
23308,163,"NGA","Nigeria",29,"Ondo",587,"AkokoNorthWest","","Akoko North-West","Local Authority","Local Authority"
23309,163,"NGA","Nigeria",29,"Ondo",588,"Akure North","","","Local Authority","Local Authority"
23310,163,"NGA","Nigeria",29,"Ondo",589,"Akure South","","","Local Authority","Local Authority"
23311,163,"NGA","Nigeria",29,"Ondo",590,"Ese-Odo","","","Local Authority","Local Authority"
23312,163,"NGA","Nigeria",29,"Ondo",591,"Idanre","","","Local Authority","Local Authority"
23313,163,"NGA","Nigeria",29,"Ondo",592,"Ifedore","","","Local Authority","Local Authority"
23314,163,"NGA","Nigeria",29,"Ondo",593,"IlajeEseodo","","Ilaje","Local Authority","Local Authority"
23315,163,"NGA","Nigeria",29,"Ondo",594,"IleOluji/Okeigbo","","Ile-Oluji/Okeigbo","Local Authority","Local Authority"
23316,163,"NGA","Nigeria",29,"Ondo",595,"Irele","","","Local Authority","Local Authority"
23317,163,"NGA","Nigeria",29,"Ondo",596,"Odigbo","","","Local Authority","Local Authority"
23318,163,"NGA","Nigeria",29,"Ondo",597,"Okitipupa","","","Local Authority","Local Authority"
23319,163,"NGA","Nigeria",29,"Ondo",598,"Ondo East","","","Local Authority","Local Authority"
23320,163,"NGA","Nigeria",29,"Ondo",599,"Ondo West","","","Local Authority","Local Authority"
23321,163,"NGA","Nigeria",29,"Ondo",600,"Ose","","","Local Authority","Local Authority"
23322,163,"NGA","Nigeria",29,"Ondo",601,"Owo","","","Local Authority","Local Authority"
23323,163,"NGA","Nigeria",30,"Osun",602,"Atakumosa East","","","Local Authority","Local Authority"
23324,163,"NGA","Nigeria",30,"Osun",603,"Atakumosa West","","","Local Authority","Local Authority"
25106,163,"NGA","Nigeria",1,"Abia",1,"Aba North","","","Local Authority","Local Authority"
25107,163,"NGA","Nigeria",1,"Abia",2,"Aba South","","","Local Authority","Local Authority"
25108,163,"NGA","Nigeria",1,"Abia",3,"Arochukw","","Arochukwu","Local Authority","Local Authority"
25109,163,"NGA","Nigeria",1,"Abia",4,"Bende","","","Local Authority","Local Authority"
25110,163,"NGA","Nigeria",1,"Abia",5,"Ikwuano","","","Local Authority","Local Authority"
25111,163,"NGA","Nigeria",1,"Abia",6,"Isiala Ngwa North","","","Local Authority","Local Authority"
25112,163,"NGA","Nigeria",1,"Abia",7,"Isiala Ngwa South","","","Local Authority","Local Authority"
25113,163,"NGA","Nigeria",1,"Abia",8,"Isuikwua","","Isuikwuato","Local Authority","Local Authority"
25114,163,"NGA","Nigeria",1,"Abia",9,"Oboma Ngwa","","","Local Authority","Local Authority"
25115,163,"NGA","Nigeria",1,"Abia",10,"Ohafia Abia","","Ohafia","Local Authority","Local Authority"
25116,163,"NGA","Nigeria",1,"Abia",11,"Osisioma Ngwa","","","Local Authority","Local Authority"
25117,163,"NGA","Nigeria",1,"Abia",12,"Ugwunagbo","","","Local Authority","Local Authority"
25118,163,"NGA","Nigeria",1,"Abia",13,"Ukwa East","","","Local Authority","Local Authority"
25119,163,"NGA","Nigeria",1,"Abia",14,"Ukwa West","","","Local Authority","Local Authority"
25120,163,"NGA","Nigeria",1,"Abia",15,"Umu-Nneochi","","","Local Authority","Local Authority"
25121,163,"NGA","Nigeria",1,"Abia",16,"Umuahia North","","","Local Authority","Local Authority"
25122,163,"NGA","Nigeria",1,"Abia",17,"Umuahia South","","","Local Authority","Local Authority"
25123,163,"NGA","Nigeria",2,"Adamawa",18,"Demsa","","","Local Authority","Local Authority"
25124,163,"NGA","Nigeria",2,"Adamawa",19,"Fufore","","","Local Authority","Local Authority"
25125,163,"NGA","Nigeria",2,"Adamawa",20,"Ganye","","","Local Authority","Local Authority"
25126,163,"NGA","Nigeria",2,"Adamawa",21,"Girie","","","Local Authority","Local Authority"
25127,163,"NGA","Nigeria",2,"Adamawa",22,"Gombi","","","Local Authority","Local Authority"
25128,163,"NGA","Nigeria",2,"Adamawa",23,"Guyuk","","","Local Authority","Local Authority"
25129,163,"NGA","Nigeria",2,"Adamawa",24,"Hong","","","Local Authority","Local Authority"
25130,163,"NGA","Nigeria",2,"Adamawa",25,"Jada","","","Local Authority","Local Authority"
25131,163,"NGA","Nigeria",2,"Adamawa",26,"Lamurde","","","Local Authority","Local Authority"
25132,163,"NGA","Nigeria",2,"Adamawa",27,"Madagali","","","Local Authority","Local Authority"
25133,163,"NGA","Nigeria",2,"Adamawa",28,"Maiha","","","Local Authority","Local Authority"
25134,163,"NGA","Nigeria",2,"Adamawa",29,"Mayo-Bel","","Mayo-Belwa","Local Authority","Local Authority"
25135,163,"NGA","Nigeria",2,"Adamawa",30,"Michika","","","Local Authority","Local Authority"
25136,163,"NGA","Nigeria",2,"Adamawa",31,"Mubi North","","","Local Authority","Local Authority"
25137,163,"NGA","Nigeria",2,"Adamawa",32,"Mubi South","","","Local Authority","Local Authority"
25138,163,"NGA","Nigeria",2,"Adamawa",33,"Numan","","","Local Authority","Local Authority"
25139,163,"NGA","Nigeria",2,"Adamawa",34,"Shelleng","","","Local Authority","Local Authority"
25140,163,"NGA","Nigeria",2,"Adamawa",35,"Song","","","Local Authority","Local Authority"
25141,163,"NGA","Nigeria",2,"Adamawa",36,"Teungo","","","Local Authority","Local Authority"
25142,163,"NGA","Nigeria",2,"Adamawa",37,"Yola North","","","Local Authority","Local Authority"
25143,163,"NGA","Nigeria",2,"Adamawa",38,"Yola South","","","Local Authority","Local Authority"
25144,163,"NGA","Nigeria",3,"Akwa Ibom",39,"Abak","","","Local Authority","Local Authority"
25145,163,"NGA","Nigeria",3,"Akwa Ibom",40,"Eastern Obolo","","","Local Authority","Local Authority"
25146,163,"NGA","Nigeria",3,"Akwa Ibom",41,"Eket","","","Local Authority","Local Authority"
25147,163,"NGA","Nigeria",3,"Akwa Ibom",42,"Esit Eket","","","Local Authority","Local Authority"
25148,163,"NGA","Nigeria",3,"Akwa Ibom",43,"Essien-U","","Essien Udim","Local Authority","Local Authority"
25149,163,"NGA","Nigeria",3,"Akwa Ibom",44,"EtimEkpo","","Etim Ekpo","Local Authority","Local Authority"
25150,163,"NGA","Nigeria",3,"Akwa Ibom",45,"Etinan","","","Local Authority","Local Authority"
25151,163,"NGA","Nigeria",3,"Akwa Ibom",46,"Ibeno","","","Local Authority","Local Authority"
25152,163,"NGA","Nigeria",3,"Akwa Ibom",47,"Ibesikpo Asutan","","","Local Authority","Local Authority"
25153,163,"NGA","Nigeria",3,"Akwa Ibom",48,"Ibiono Ibom","","","Local Authority","Local Authority"
25154,163,"NGA","Nigeria",3,"Akwa Ibom",49,"Ika","","","Local Authority","Local Authority"
25155,163,"NGA","Nigeria",3,"Akwa Ibom",50,"Ikono","","","Local Authority","Local Authority"
25156,163,"NGA","Nigeria",3,"Akwa Ibom",51,"Ikot-Aba","","Ikot Abasi","Local Authority","Local Authority"
25157,163,"NGA","Nigeria",3,"Akwa Ibom",52,"Ikot-Ekp","","Ikot Ekpene","Local Authority","Local Authority"
25158,163,"NGA","Nigeria",3,"Akwa Ibom",53,"Ini","","","Local Authority","Local Authority"
25159,163,"NGA","Nigeria",3,"Akwa Ibom",54,"Itu","","","Local Authority","Local Authority"
25160,163,"NGA","Nigeria",3,"Akwa Ibom",55,"Mbo","","","Local Authority","Local Authority"
25161,163,"NGA","Nigeria",3,"Akwa Ibom",56,"Mkpat Enin","","","Local Authority","Local Authority"
25162,163,"NGA","Nigeria",3,"Akwa Ibom",57,"Nsit Atai","","","Local Authority","Local Authority"
25163,163,"NGA","Nigeria",3,"Akwa Ibom",58,"Nsit Ibom","","","Local Authority","Local Authority"
25164,163,"NGA","Nigeria",3,"Akwa Ibom",59,"Nsit Ubium","","","Local Authority","Local Authority"
25165,163,"NGA","Nigeria",3,"Akwa Ibom",60,"Obot Akara","","","Local Authority","Local Authority"
25166,163,"NGA","Nigeria",3,"Akwa Ibom",61,"Okobo","","","Local Authority","Local Authority"
25167,163,"NGA","Nigeria",3,"Akwa Ibom",62,"Onna","","","Local Authority","Local Authority"
25168,163,"NGA","Nigeria",3,"Akwa Ibom",63,"Oron","","","Local Authority","Local Authority"
25169,163,"NGA","Nigeria",3,"Akwa Ibom",64,"Oruk-Ana","","Oruk Anam","Local Authority","Local Authority"
25170,163,"NGA","Nigeria",3,"Akwa Ibom",65,"Udung Uko","","","Local Authority","Local Authority"
25171,163,"NGA","Nigeria",3,"Akwa Ibom",66,"Ukanafun","","","Local Authority","Local Authority"
25172,163,"NGA","Nigeria",3,"Akwa Ibom",67,"Uruan","","","Local Authority","Local Authority"
25173,163,"NGA","Nigeria",3,"Akwa Ibom",68,"UrueOffo","","Urue Offong|Oruko","Local Authority","Local Authority"
25174,163,"NGA","Nigeria",3,"Akwa Ibom",69,"Uyo","","","Local Authority","Local Authority"
25175,163,"NGA","Nigeria",4,"Anambra",70,"Aguata","","","Local Authority","Local Authority"
25176,163,"NGA","Nigeria",4,"Anambra",71,"Anambra East","","","Local Authority","Local Authority"
25177,163,"NGA","Nigeria",4,"Anambra",72,"Anambra West","","","Local Authority","Local Authority"
25178,163,"NGA","Nigeria",4,"Anambra",73,"Anaocha","","","Local Authority","Local Authority"
25179,163,"NGA","Nigeria",4,"Anambra",74,"AwkaNort","","Awka North","Local Authority","Local Authority"
25180,163,"NGA","Nigeria",4,"Anambra",75,"AwkaSout","","Awka South","Local Authority","Local Authority"
25181,163,"NGA","Nigeria",4,"Anambra",76,"Ayamelum","","","Local Authority","Local Authority"
25182,163,"NGA","Nigeria",4,"Anambra",77,"Dunukofia","","","Local Authority","Local Authority"
25183,163,"NGA","Nigeria",4,"Anambra",78,"Ekwusigo","","","Local Authority","Local Authority"
25184,163,"NGA","Nigeria",4,"Anambra",79,"Idemili North","","","Local Authority","Local Authority"
25185,163,"NGA","Nigeria",4,"Anambra",80,"Idemili South","","","Local Authority","Local Authority"
25186,163,"NGA","Nigeria",4,"Anambra",81,"Ihiala","","","Local Authority","Local Authority"
25187,163,"NGA","Nigeria",4,"Anambra",82,"Njikoka","","","Local Authority","Local Authority"
25188,163,"NGA","Nigeria",4,"Anambra",83,"NnewiNort","","Nnewi North","Local Authority","Local Authority"
25189,163,"NGA","Nigeria",4,"Anambra",84,"NnewiSou","","Nnewi South","Local Authority","Local Authority"
25190,163,"NGA","Nigeria",4,"Anambra",85,"Ogbaru","","","Local Authority","Local Authority"
25191,163,"NGA","Nigeria",4,"Anambra",86,"Onitsha North","","","Local Authority","Local Authority"
25192,163,"NGA","Nigeria",4,"Anambra",87,"Onitsha South","","","Local Authority","Local Authority"
25193,163,"NGA","Nigeria",4,"Anambra",88,"OrumbaNo","","Orumba North","Local Authority","Local Authority"
25194,163,"NGA","Nigeria",4,"Anambra",89,"OrumbaSo","","Orumba South","Local Authority","Local Authority"
25195,163,"NGA","Nigeria",4,"Anambra",90,"Oyi","","","Local Authority","Local Authority"
25196,163,"NGA","Nigeria",5,"Bauchi",91,"Alkaleri","","","Local Authority","Local Authority"
25197,163,"NGA","Nigeria",5,"Bauchi",92,"Bauchi","","","Local Authority","Local Authority"
25198,163,"NGA","Nigeria",5,"Bauchi",93,"Bogoro","","","Local Authority","Local Authority"
25199,163,"NGA","Nigeria",5,"Bauchi",94,"Damban","","","Local Authority","Local Authority"
25200,163,"NGA","Nigeria",5,"Bauchi",95,"Darazo","","","Local Authority","Local Authority"
25201,163,"NGA","Nigeria",5,"Bauchi",96,"Dass","","","Local Authority","Local Authority"
25202,163,"NGA","Nigeria",5,"Bauchi",97,"Gamawa","","","Local Authority","Local Authority"
25203,163,"NGA","Nigeria",5,"Bauchi",98,"Gamjuwa","","Ganjuwa","Local Authority","Local Authority"
25204,163,"NGA","Nigeria",5,"Bauchi",99,"Giade","","","Local Authority","Local Authority"
25205,163,"NGA","Nigeria",5,"Bauchi",100,"Itas/Gad","","Itas/Gadau","Local Authority","Local Authority"
25206,163,"NGA","Nigeria",5,"Bauchi",101,"Jama'are","","","Local Authority","Local Authority"
25207,163,"NGA","Nigeria",5,"Bauchi",102,"Katagum","","","Local Authority","Local Authority"
25208,163,"NGA","Nigeria",5,"Bauchi",103,"Kirfi","","","Local Authority","Local Authority"
25209,163,"NGA","Nigeria",5,"Bauchi",104,"Misau","","","Local Authority","Local Authority"
25210,163,"NGA","Nigeria",5,"Bauchi",105,"Ningi","","","Local Authority","Local Authority"
25211,163,"NGA","Nigeria",5,"Bauchi",106,"Shira","","","Local Authority","Local Authority"
25212,163,"NGA","Nigeria",5,"Bauchi",107,"Tafawa-B","","Tafawa-Balewa","Local Authority","Local Authority"
25213,163,"NGA","Nigeria",5,"Bauchi",108,"Toro","","","Local Authority","Local Authority"
25214,163,"NGA","Nigeria",5,"Bauchi",109,"Warji","","","Local Authority","Local Authority"
25215,163,"NGA","Nigeria",5,"Bauchi",110,"Zaki","","","Local Authority","Local Authority"
25216,163,"NGA","Nigeria",6,"Bayelsa",111,"Brass","","","Local Authority","Local Authority"
25217,163,"NGA","Nigeria",6,"Bayelsa",112,"Ekeremor","","","Local Authority","Local Authority"
25218,163,"NGA","Nigeria",6,"Bayelsa",113,"Kolokuma/Opokuma","","","Local Authority","Local Authority"
25219,163,"NGA","Nigeria",6,"Bayelsa",114,"Nembe","","","Local Authority","Local Authority"
25220,163,"NGA","Nigeria",6,"Bayelsa",115,"Ogbia","","","Local Authority","Local Authority"
25221,163,"NGA","Nigeria",6,"Bayelsa",116,"Sagbama","","","Local Authority","Local Authority"
25222,163,"NGA","Nigeria",6,"Bayelsa",117,"Southern Ijaw","","","Local Authority","Local Authority"
25223,163,"NGA","Nigeria",6,"Bayelsa",118,"Yenegoa","","","Local Authority","Local Authority"
25224,163,"NGA","Nigeria",7,"Benue",119,"Ado","","","Local Authority","Local Authority"
25225,163,"NGA","Nigeria",7,"Benue",120,"Agatu","","","Local Authority","Local Authority"
25226,163,"NGA","Nigeria",7,"Benue",121,"Apa","","","Local Authority","Local Authority"
25227,163,"NGA","Nigeria",7,"Benue",122,"Buruku","","Bukuru","Local Authority","Local Authority"
25228,163,"NGA","Nigeria",7,"Benue",123,"Gboko","","","Local Authority","Local Authority"
25229,163,"NGA","Nigeria",7,"Benue",124,"Guma","","","Local Authority","Local Authority"
25230,163,"NGA","Nigeria",7,"Benue",125,"Gwer East","","","Local Authority","Local Authority"
25231,163,"NGA","Nigeria",7,"Benue",126,"GwerWest","","Gwer West","Local Authority","Local Authority"
25232,163,"NGA","Nigeria",7,"Benue",127,"Katsina (Benue)","","Katsina- Ala","Local Authority","Local Authority"
25233,163,"NGA","Nigeria",7,"Benue",128,"Konshish","","Konshisha","Local Authority","Local Authority"
25234,163,"NGA","Nigeria",7,"Benue",129,"Kwande","","","Local Authority","Local Authority"
25235,163,"NGA","Nigeria",7,"Benue",130,"Logo","","","Local Authority","Local Authority"
25236,163,"NGA","Nigeria",7,"Benue",131,"Makurdi","","Markurdi","Local Authority","Local Authority"
25237,163,"NGA","Nigeria",7,"Benue",132,"Obi","","","Local Authority","Local Authority"
25238,163,"NGA","Nigeria",7,"Benue",133,"Ogbadibo","","Ogbadigbo","Local Authority","Local Authority"
25239,163,"NGA","Nigeria",7,"Benue",134,"Ohimini","","","Local Authority","Local Authority"
25240,163,"NGA","Nigeria",7,"Benue",135,"Oju","","","Local Authority","Local Authority"
25241,163,"NGA","Nigeria",7,"Benue",136,"Okpokwu","","","Local Authority","Local Authority"
25242,163,"NGA","Nigeria",7,"Benue",137,"Oturkpo","","","Local Authority","Local Authority"
25243,163,"NGA","Nigeria",7,"Benue",138,"Tarka","","","Local Authority","Local Authority"
25244,163,"NGA","Nigeria",7,"Benue",139,"Ukum","","","Local Authority","Local Authority"
25245,163,"NGA","Nigeria",7,"Benue",140,"Ushongo","","","Local Authority","Local Authority"
25246,163,"NGA","Nigeria",7,"Benue",141,"Vandeiky","","Vandeikya","Local Authority","Local Authority"
25247,163,"NGA","Nigeria",8,"Borno",142,"Abadam","","","Local Authority","Local Authority"
25248,163,"NGA","Nigeria",8,"Borno",143,"Askira/U","","Askira/Uba","Local Authority","Local Authority"
25249,163,"NGA","Nigeria",8,"Borno",144,"Bama","","","Local Authority","Local Authority"
25250,163,"NGA","Nigeria",8,"Borno",145,"Bayo","","","Local Authority","Local Authority"
25251,163,"NGA","Nigeria",8,"Borno",146,"Biu","","","Local Authority","Local Authority"
25252,163,"NGA","Nigeria",8,"Borno",147,"Chibok","","","Local Authority","Local Authority"
25253,163,"NGA","Nigeria",8,"Borno",148,"Damboa","","","Local Authority","Local Authority"
25254,163,"NGA","Nigeria",8,"Borno",149,"Dikwa","","","Local Authority","Local Authority"
25255,163,"NGA","Nigeria",8,"Borno",150,"Gubio","","","Local Authority","Local Authority"
25256,163,"NGA","Nigeria",8,"Borno",151,"Guzamala","","","Local Authority","Local Authority"
25257,163,"NGA","Nigeria",8,"Borno",152,"Gwoza","","","Local Authority","Local Authority"
25258,163,"NGA","Nigeria",8,"Borno",153,"Hawul","","","Local Authority","Local Authority"
25259,163,"NGA","Nigeria",8,"Borno",154,"Jere","","","Local Authority","Local Authority"
25260,163,"NGA","Nigeria",8,"Borno",155,"Kaga","","","Local Authority","Local Authority"
25261,163,"NGA","Nigeria",8,"Borno",156,"Kala/Balge","","","Local Authority","Local Authority"
25262,163,"NGA","Nigeria",8,"Borno",157,"Konduga","","","Local Authority","Local Authority"
25263,163,"NGA","Nigeria",8,"Borno",158,"Kukawa","","","Local Authority","Local Authority"
25264,163,"NGA","Nigeria",8,"Borno",159,"Kwaya Kusar","","","Local Authority","Local Authority"
25265,163,"NGA","Nigeria",8,"Borno",160,"Mafa","","","Local Authority","Local Authority"
25266,163,"NGA","Nigeria",8,"Borno",161,"Magumeri","","","Local Authority","Local Authority"
25267,163,"NGA","Nigeria",8,"Borno",162,"Maidugur","","Maiduguri","Local Authority","Local Authority"
25268,163,"NGA","Nigeria",8,"Borno",163,"Marte","","","Local Authority","Local Authority"
25269,163,"NGA","Nigeria",8,"Borno",164,"Mobbar","","","Local Authority","Local Authority"
25270,163,"NGA","Nigeria",8,"Borno",165,"Monguno","","","Local Authority","Local Authority"
25271,163,"NGA","Nigeria",8,"Borno",166,"Ngala","","","Local Authority","Local Authority"
25272,163,"NGA","Nigeria",8,"Borno",167,"Nganzai","","","Local Authority","Local Authority"
25273,163,"NGA","Nigeria",8,"Borno",168,"Shani","","","Local Authority","Local Authority"
25274,163,"NGA","Nigeria",9,"Cross River",169,"Abi","","","Local Authority","Local Authority"
25275,163,"NGA","Nigeria",9,"Cross River",170,"Akamkpa","","","Local Authority","Local Authority"
25276,163,"NGA","Nigeria",9,"Cross River",171,"Akpabuyo","","","Local Authority","Local Authority"
25277,163,"NGA","Nigeria",9,"Cross River",172,"Bakassi","","","Local Authority","Local Authority"
25278,163,"NGA","Nigeria",9,"Cross River",173,"Bekwarra","","","Local Authority","Local Authority"
25279,163,"NGA","Nigeria",9,"Cross River",174,"Biase","","","Local Authority","Local Authority"
25280,163,"NGA","Nigeria",9,"Cross River",175,"Boki","","","Local Authority","Local Authority"
25281,163,"NGA","Nigeria",9,"Cross River",176,"Calabar South","","","Local Authority","Local Authority"
25282,163,"NGA","Nigeria",9,"Cross River",177,"Calabar","","Calabar Municipal","Local Authority","Local Authority"
25283,163,"NGA","Nigeria",9,"Cross River",178,"Etung","","","Local Authority","Local Authority"
25284,163,"NGA","Nigeria",9,"Cross River",179,"Ikom","","","Local Authority","Local Authority"
25285,163,"NGA","Nigeria",9,"Cross River",180,"Obanliku","","","Local Authority","Local Authority"
25286,163,"NGA","Nigeria",9,"Cross River",181,"Obubra","","","Local Authority","Local Authority"
25287,163,"NGA","Nigeria",9,"Cross River",182,"Obudu","","","Local Authority","Local Authority"
25288,163,"NGA","Nigeria",9,"Cross River",183,"Odukpani","","","Local Authority","Local Authority"
25289,163,"NGA","Nigeria",9,"Cross River",184,"Ogoja","","","Local Authority","Local Authority"
25290,163,"NGA","Nigeria",9,"Cross River",185,"Yakurr","","","Local Authority","Local Authority"
25291,163,"NGA","Nigeria",9,"Cross River",186,"Yala Cross","","Yala","Local Authority","Local Authority"
25292,163,"NGA","Nigeria",10,"Delta",187,"AniochaN","","Aniocha North","Local Authority","Local Authority"
25293,163,"NGA","Nigeria",10,"Delta",188,"AniochaS","","Aniocha South","Local Authority","Local Authority"
25294,163,"NGA","Nigeria",10,"Delta",189,"Bomadi","","","Local Authority","Local Authority"
25295,163,"NGA","Nigeria",10,"Delta",190,"Burutu","","","Local Authority","Local Authority"
25296,163,"NGA","Nigeria",10,"Delta",191,"Ethiope West","","","Local Authority","Local Authority"
25297,163,"NGA","Nigeria",10,"Delta",192,"EthiopeE","","Ethiope East","Local Authority","Local Authority"
25298,163,"NGA","Nigeria",10,"Delta",193,"IkaNorth","","Ika North East","Local Authority","Local Authority"
25299,163,"NGA","Nigeria",10,"Delta",194,"IkaSouth","","Ika South","Local Authority","Local Authority"
25300,163,"NGA","Nigeria",10,"Delta",195,"IsokoNor","","Isoko North","Local Authority","Local Authority"
25301,163,"NGA","Nigeria",10,"Delta",196,"IsokoSou","","Isoko South","Local Authority","Local Authority"
25302,163,"NGA","Nigeria",10,"Delta",197,"Ndokwa East","","","Local Authority","Local Authority"
25303,163,"NGA","Nigeria",10,"Delta",198,"Ndokwa West","","","Local Authority","Local Authority"
25304,163,"NGA","Nigeria",10,"Delta",199,"Okpe","","","Local Authority","Local Authority"
25305,163,"NGA","Nigeria",10,"Delta",200,"Oshimili North","","","Local Authority","Local Authority"
25306,163,"NGA","Nigeria",10,"Delta",201,"Oshimili South","","","Local Authority","Local Authority"
25307,163,"NGA","Nigeria",10,"Delta",202,"Patani","","","Local Authority","Local Authority"
25308,163,"NGA","Nigeria",10,"Delta",203,"Sapele","","","Local Authority","Local Authority"
25309,163,"NGA","Nigeria",10,"Delta",204,"Udu","","","Local Authority","Local Authority"
25310,163,"NGA","Nigeria",10,"Delta",205,"Ughelli North","","","Local Authority","Local Authority"
25311,163,"NGA","Nigeria",10,"Delta",206,"Ughelli South","","","Local Authority","Local Authority"
25312,163,"NGA","Nigeria",10,"Delta",207,"Ukwuani","","","Local Authority","Local Authority"
25313,163,"NGA","Nigeria",10,"Delta",208,"Uvwie","","","Local Authority","Local Authority"
25314,163,"NGA","Nigeria",10,"Delta",209,"Warri North","","","Local Authority","Local Authority"
25315,163,"NGA","Nigeria",10,"Delta",210,"Warri South-West","","","Local Authority","Local Authority"
25316,163,"NGA","Nigeria",10,"Delta",211,"Warri South","","","Local Authority","Local Authority"
25317,163,"NGA","Nigeria",11,"Ebonyi",212,"Abakalik","","Abakaliki","Local Authority","Local Authority"
25318,163,"NGA","Nigeria",11,"Ebonyi",213,"Afikpo","","Afikpo North","Local Authority","Local Authority"
25319,163,"NGA","Nigeria",11,"Ebonyi",214,"AfikpoSo","","Afikpo South","Local Authority","Local Authority"
25320,163,"NGA","Nigeria",11,"Ebonyi",215,"Ebonyi","","","Local Authority","Local Authority"
25321,163,"NGA","Nigeria",11,"Ebonyi",216,"Ezza North","","","Local Authority","Local Authority"
25322,163,"NGA","Nigeria",11,"Ebonyi",217,"Ezza South","","","Local Authority","Local Authority"
25323,163,"NGA","Nigeria",11,"Ebonyi",218,"Ikwo","","","Local Authority","Local Authority"
25324,163,"NGA","Nigeria",11,"Ebonyi",219,"Ishielu","","","Local Authority","Local Authority"
25325,163,"NGA","Nigeria",11,"Ebonyi",220,"Ivo","","","Local Authority","Local Authority"
25326,163,"NGA","Nigeria",11,"Ebonyi",221,"Izzi","","","Local Authority","Local Authority"
25327,163,"NGA","Nigeria",11,"Ebonyi",222,"Ohaozara","","","Local Authority","Local Authority"
25328,163,"NGA","Nigeria",11,"Ebonyi",223,"Ohaukwu","","","Local Authority","Local Authority"
25329,163,"NGA","Nigeria",11,"Ebonyi",224,"Onicha","","","Local Authority","Local Authority"
25330,163,"NGA","Nigeria",12,"Edo",225,"Akoko-Ed","","Akoko-Edo","Local Authority","Local Authority"
25331,163,"NGA","Nigeria",12,"Edo",226,"Egor","","","Local Authority","Local Authority"
25332,163,"NGA","Nigeria",12,"Edo",227,"EsanCent","","Esan Central","Local Authority","Local Authority"
25333,163,"NGA","Nigeria",12,"Edo",228,"EsanNort","","Esan North-East","Local Authority","Local Authority"
25334,163,"NGA","Nigeria",12,"Edo",229,"EsanSout","","Esan South-East","Local Authority","Local Authority"
25335,163,"NGA","Nigeria",12,"Edo",230,"EsanWest","","Esan West","Local Authority","Local Authority"
25336,163,"NGA","Nigeria",12,"Edo",231,"Etsako Central","","","Local Authority","Local Authority"
25337,163,"NGA","Nigeria",12,"Edo",232,"EtsakoEa","","Etsako East","Local Authority","Local Authority"
25338,163,"NGA","Nigeria",12,"Edo",233,"EtsakoWe","","Etsako West","Local Authority","Local Authority"
25339,163,"NGA","Nigeria",12,"Edo",234,"Igueben","","","Local Authority","Local Authority"
25340,163,"NGA","Nigeria",12,"Edo",235,"Ikpoba-Okha","","","Local Authority","Local Authority"
25341,163,"NGA","Nigeria",12,"Edo",236,"Oredo Edo","","Oredo","Local Authority","Local Authority"
25342,163,"NGA","Nigeria",12,"Edo",237,"Orhionmw","","Orhionmwon","Local Authority","Local Authority"
25343,163,"NGA","Nigeria",12,"Edo",238,"OviaNort","","Ovia North-East","Local Authority","Local Authority"
25344,163,"NGA","Nigeria",12,"Edo",239,"OviaSouth-West","","Ovia South-West","Local Authority","Local Authority"
25345,163,"NGA","Nigeria",12,"Edo",240,"Owan East","","","Local Authority","Local Authority"
25346,163,"NGA","Nigeria",12,"Edo",241,"OwanWest","","Owan West","Local Authority","Local Authority"
25347,163,"NGA","Nigeria",12,"Edo",242,"Uhunmwonde","","","Local Authority","Local Authority"
25348,163,"NGA","Nigeria",13,"Ekiti",243,"Ado-Ekiti","","","Local Authority","Local Authority"
25349,163,"NGA","Nigeria",13,"Ekiti",244,"Efon","","","Local Authority","Local Authority"
25350,163,"NGA","Nigeria",13,"Ekiti",245,"EkitiEas","","Ekiti East","Local Authority","Local Authority"
25351,163,"NGA","Nigeria",13,"Ekiti",246,"EkitiSouth-West","","Ekiti South-West","Local Authority","Local Authority"
25352,163,"NGA","Nigeria",13,"Ekiti",247,"EkitiWest","","Ekiti West","Local Authority","Local Authority"
25353,163,"NGA","Nigeria",13,"Ekiti",248,"Emure/Ise/Orun","","Emure","Local Authority","Local Authority"
25354,163,"NGA","Nigeria",13,"Ekiti",249,"Gboyin","","","Local Authority","Local Authority"
25355,163,"NGA","Nigeria",13,"Ekiti",250,"Ido/Osi","","Ido-Osi","Local Authority","Local Authority"
25356,163,"NGA","Nigeria",13,"Ekiti",251,"Ijero","","","Local Authority","Local Authority"
25357,163,"NGA","Nigeria",13,"Ekiti",252,"Ikere","","","Local Authority","Local Authority"
25358,163,"NGA","Nigeria",13,"Ekiti",253,"Ikole","","","Local Authority","Local Authority"
25359,163,"NGA","Nigeria",13,"Ekiti",254,"Ilejemeje","","","Local Authority","Local Authority"
25360,163,"NGA","Nigeria",13,"Ekiti",255,"Irepodun/Ifelodun","","","Local Authority","Local Authority"
25361,163,"NGA","Nigeria",13,"Ekiti",256,"Ise/Orun","","","Local Authority","Local Authority"
25362,163,"NGA","Nigeria",13,"Ekiti",257,"Moba","","","Local Authority","Local Authority"
25363,163,"NGA","Nigeria",13,"Ekiti",258,"Oye","","","Local Authority","Local Authority"
25364,163,"NGA","Nigeria",14,"Enugu",259,"Aninri","","","Local Authority","Local Authority"
25365,163,"NGA","Nigeria",14,"Enugu",260,"Awgu","","","Local Authority","Local Authority"
25366,163,"NGA","Nigeria",14,"Enugu",261,"Enugu East","","","Local Authority","Local Authority"
25367,163,"NGA","Nigeria",14,"Enugu",262,"Enugu North","","","Local Authority","Local Authority"
25368,163,"NGA","Nigeria",14,"Enugu",263,"EnuguSou","","Enugu South","Local Authority","Local Authority"
25369,163,"NGA","Nigeria",14,"Enugu",264,"Ezeagu","","","Local Authority","Local Authority"
25370,163,"NGA","Nigeria",14,"Enugu",265,"Igbo-Eti","","Igbo-Etiti","Local Authority","Local Authority"
25371,163,"NGA","Nigeria",14,"Enugu",266,"Igbo-eze North","","","Local Authority","Local Authority"
25372,163,"NGA","Nigeria",14,"Enugu",267,"Igbo-eze South","","","Local Authority","Local Authority"
25373,163,"NGA","Nigeria",14,"Enugu",268,"Isi-Uzo","","","Local Authority","Local Authority"
25374,163,"NGA","Nigeria",14,"Enugu",269,"Nkanu East","","","Local Authority","Local Authority"
25375,163,"NGA","Nigeria",14,"Enugu",270,"Nkanu West","","","Local Authority","Local Authority"
25376,163,"NGA","Nigeria",14,"Enugu",271,"Nsukka","","","Local Authority","Local Authority"
25377,163,"NGA","Nigeria",14,"Enugu",272,"Oji-River","","","Local Authority","Local Authority"
25378,163,"NGA","Nigeria",14,"Enugu",273,"Udenu","","","Local Authority","Local Authority"
25379,163,"NGA","Nigeria",14,"Enugu",274,"Udi","","","Local Authority","Local Authority"
25380,163,"NGA","Nigeria",14,"Enugu",275,"Uzo-Uwani","","","Local Authority","Local Authority"
25381,163,"NGA","Nigeria",15,"Federal Capital Territory",276,"Abaji","","","Local Authority","Local Authority"
25382,163,"NGA","Nigeria",15,"Federal Capital Territory",277,"AbujaMun","","Abuja Municipal","Local Authority","Local Authority"
25383,163,"NGA","Nigeria",15,"Federal Capital Territory",278,"Bwari","","","Local Authority","Local Authority"
25384,163,"NGA","Nigeria",15,"Federal Capital Territory",279,"Gwagwala","","Gwagwalada","Local Authority","Local Authority"
25385,163,"NGA","Nigeria",15,"Federal Capital Territory",280,"Kuje","","","Local Authority","Local Authority"
25386,163,"NGA","Nigeria",15,"Federal Capital Territory",281,"Kwali","","","Local Authority","Local Authority"
25387,163,"NGA","Nigeria",16,"Gombe",282,"Akko","","","Local Authority","Local Authority"
25388,163,"NGA","Nigeria",16,"Gombe",283,"Balanga","","","Local Authority","Local Authority"
25389,163,"NGA","Nigeria",16,"Gombe",284,"Billiri","","","Local Authority","Local Authority"
25390,163,"NGA","Nigeria",16,"Gombe",285,"Dukku","","","Local Authority","Local Authority"
25391,163,"NGA","Nigeria",16,"Gombe",286,"Funakaye","","","Local Authority","Local Authority"
25392,163,"NGA","Nigeria",16,"Gombe",287,"Gombe","","","Local Authority","Local Authority"
25393,163,"NGA","Nigeria",16,"Gombe",288,"Kaltungo","","","Local Authority","Local Authority"
25394,163,"NGA","Nigeria",16,"Gombe",289,"Kwami","","","Local Authority","Local Authority"
25395,163,"NGA","Nigeria",16,"Gombe",290,"Nafada","","","Local Authority","Local Authority"
25396,163,"NGA","Nigeria",16,"Gombe",291,"Shomgom","","","Local Authority","Local Authority"
25397,163,"NGA","Nigeria",16,"Gombe",292,"Yamaltu","","Deba","Local Authority","Local Authority"
25398,163,"NGA","Nigeria",17,"Imo",293,"Aboh-Mba","","Aboh-Mbaise","Local Authority","Local Authority"
25399,163,"NGA","Nigeria",17,"Imo",294,"Ahizu-Mb","","Ahiazu-Mbaise","Local Authority","Local Authority"
25400,163,"NGA","Nigeria",17,"Imo",295,"Ehime-Mb","","Ehime-Mbano","Local Authority","Local Authority"
25401,163,"NGA","Nigeria",17,"Imo",296,"Ezinihit","","Ezinihitte Mbaise","Local Authority","Local Authority"
25402,163,"NGA","Nigeria",17,"Imo",297,"Ideato South","","","Local Authority","Local Authority"
25403,163,"NGA","Nigeria",17,"Imo",298,"IdeatoNo","","Ideato North","Local Authority","Local Authority"
25404,163,"NGA","Nigeria",17,"Imo",299,"Ihitte/U","","Ihitte/Uboma","Local Authority","Local Authority"
25405,163,"NGA","Nigeria",17,"Imo",300,"Ikeduru","","","Local Authority","Local Authority"
25406,163,"NGA","Nigeria",17,"Imo",301,"IsialaMb","","Isiala Mbano","Local Authority","Local Authority"
25407,163,"NGA","Nigeria",17,"Imo",302,"Isu","","","Local Authority","Local Authority"
25408,163,"NGA","Nigeria",17,"Imo",303,"Mbaitoli","","Mbatoli","Local Authority","Local Authority"
25409,163,"NGA","Nigeria",17,"Imo",304,"Ngor-Okp","","Ngor-Okpala","Local Authority","Local Authority"
25410,163,"NGA","Nigeria",17,"Imo",305,"Njaba","","","Local Authority","Local Authority"
25411,163,"NGA","Nigeria",17,"Imo",306,"Nkwerre","","","Local Authority","Local Authority"
25412,163,"NGA","Nigeria",17,"Imo",307,"Nwangele","","","Local Authority","Local Authority"
25413,163,"NGA","Nigeria",17,"Imo",308,"Obowo","","","Local Authority","Local Authority"
25414,163,"NGA","Nigeria",17,"Imo",309,"Oguta","","","Local Authority","Local Authority"
25415,163,"NGA","Nigeria",17,"Imo",310,"Ohaji/Eg","","Ohaji /Egbema","Local Authority","Local Authority"
25416,163,"NGA","Nigeria",17,"Imo",311,"Okigwe","","","Local Authority","Local Authority"
25417,163,"NGA","Nigeria",17,"Imo",312,"Orlu","","","Local Authority","Local Authority"
25418,163,"NGA","Nigeria",17,"Imo",313,"Orsu","","","Local Authority","Local Authority"
25419,163,"NGA","Nigeria",17,"Imo",314,"Oru East","","","Local Authority","Local Authority"
25420,163,"NGA","Nigeria",17,"Imo",315,"Oru West","","","Local Authority","Local Authority"
25421,163,"NGA","Nigeria",17,"Imo",316,"Owerri Municipal","","","Local Authority","Local Authority"
25422,163,"NGA","Nigeria",17,"Imo",317,"Owerri North","","","Local Authority","Local Authority"
25423,163,"NGA","Nigeria",17,"Imo",318,"Owerri West","","","Local Authority","Local Authority"
25424,163,"NGA","Nigeria",17,"Imo",319,"Unuimo","","","Local Authority","Local Authority"
25425,163,"NGA","Nigeria",18,"Jigawa",320,"Auyo","","","Local Authority","Local Authority"
25426,163,"NGA","Nigeria",18,"Jigawa",321,"Babura","","","Local Authority","Local Authority"
25427,163,"NGA","Nigeria",18,"Jigawa",322,"Biriniwa","","","Local Authority","Local Authority"
25428,163,"NGA","Nigeria",18,"Jigawa",323,"BirninKu","","Birnin Kudu","Local Authority","Local Authority"
25429,163,"NGA","Nigeria",18,"Jigawa",324,"Buji","","","Local Authority","Local Authority"
25430,163,"NGA","Nigeria",18,"Jigawa",325,"Dutse","","","Local Authority","Local Authority"
25431,163,"NGA","Nigeria",18,"Jigawa",326,"Gagarawa","","","Local Authority","Local Authority"
25432,163,"NGA","Nigeria",18,"Jigawa",327,"Garki","","","Local Authority","Local Authority"
25433,163,"NGA","Nigeria",18,"Jigawa",328,"Gumel","","","Local Authority","Local Authority"
25434,163,"NGA","Nigeria",18,"Jigawa",329,"Guri","","","Local Authority","Local Authority"
25435,163,"NGA","Nigeria",18,"Jigawa",330,"Gwaram","","","Local Authority","Local Authority"
25436,163,"NGA","Nigeria",18,"Jigawa",331,"Gwiwa","","","Local Authority","Local Authority"
25437,163,"NGA","Nigeria",18,"Jigawa",332,"Hadejia","","","Local Authority","Local Authority"
25438,163,"NGA","Nigeria",18,"Jigawa",333,"Jahun","","","Local Authority","Local Authority"
25439,163,"NGA","Nigeria",18,"Jigawa",334,"KafinHau","","Kafin Hausa","Local Authority","Local Authority"
25440,163,"NGA","Nigeria",18,"Jigawa",335,"Kaugama","","","Local Authority","Local Authority"
25441,163,"NGA","Nigeria",18,"Jigawa",336,"Kazaure","","","Local Authority","Local Authority"
25442,163,"NGA","Nigeria",18,"Jigawa",337,"KiriKasa","","Kiri Kasamma","Local Authority","Local Authority"
25443,163,"NGA","Nigeria",18,"Jigawa",338,"Kiyawa","","","Local Authority","Local Authority"
25444,163,"NGA","Nigeria",18,"Jigawa",339,"Maigatari","","","Local Authority","Local Authority"
25445,163,"NGA","Nigeria",18,"Jigawa",340,"MalamMad","","Malam Maduri","Local Authority","Local Authority"
25446,163,"NGA","Nigeria",18,"Jigawa",341,"Miga","","","Local Authority","Local Authority"
25447,163,"NGA","Nigeria",18,"Jigawa",342,"Ringim","","","Local Authority","Local Authority"
25448,163,"NGA","Nigeria",18,"Jigawa",343,"Roni","","","Local Authority","Local Authority"
25449,163,"NGA","Nigeria",18,"Jigawa",344,"Sule-Tan","","Sule Tankarkar","Local Authority","Local Authority"
25450,163,"NGA","Nigeria",18,"Jigawa",345,"Taura","","","Local Authority","Local Authority"
25451,163,"NGA","Nigeria",18,"Jigawa",346,"Yankwashi","","","Local Authority","Local Authority"
25452,163,"NGA","Nigeria",19,"Kaduna",347,"Birnin-G","","Birnin Gwari","Local Authority","Local Authority"
25453,163,"NGA","Nigeria",19,"Kaduna",348,"Chikun","","","Local Authority","Local Authority"
25454,163,"NGA","Nigeria",19,"Kaduna",349,"Giwa","","","Local Authority","Local Authority"
25455,163,"NGA","Nigeria",19,"Kaduna",350,"Igabi","","","Local Authority","Local Authority"
25456,163,"NGA","Nigeria",19,"Kaduna",351,"Ikara","","","Local Authority","Local Authority"
25457,163,"NGA","Nigeria",19,"Kaduna",352,"Jaba","","","Local Authority","Local Authority"
25458,163,"NGA","Nigeria",19,"Kaduna",353,"Jema'a","","","Local Authority","Local Authority"
25459,163,"NGA","Nigeria",19,"Kaduna",354,"Kachia","","","Local Authority","Local Authority"
25460,163,"NGA","Nigeria",19,"Kaduna",355,"Kaduna North","","","Local Authority","Local Authority"
25461,163,"NGA","Nigeria",19,"Kaduna",356,"Kaduna South","","","Local Authority","Local Authority"
25462,163,"NGA","Nigeria",19,"Kaduna",357,"Kagarko","","","Local Authority","Local Authority"
25463,163,"NGA","Nigeria",19,"Kaduna",358,"Kajuru","","","Local Authority","Local Authority"
25464,163,"NGA","Nigeria",19,"Kaduna",359,"Kaura","","","Local Authority","Local Authority"
25465,163,"NGA","Nigeria",19,"Kaduna",360,"Kauru","","","Local Authority","Local Authority"
25466,163,"NGA","Nigeria",19,"Kaduna",361,"Kubau","","","Local Authority","Local Authority"
25467,163,"NGA","Nigeria",19,"Kaduna",362,"Kudan","","","Local Authority","Local Authority"
25468,163,"NGA","Nigeria",19,"Kaduna",363,"Lere","","","Local Authority","Local Authority"
25469,163,"NGA","Nigeria",19,"Kaduna",364,"Makarfi","","","Local Authority","Local Authority"
25470,163,"NGA","Nigeria",19,"Kaduna",365,"Sabon-Ga","","Sabon Gari","Local Authority","Local Authority"
25471,163,"NGA","Nigeria",19,"Kaduna",366,"Sanga","","","Local Authority","Local Authority"
25472,163,"NGA","Nigeria",19,"Kaduna",367,"Soba","","","Local Authority","Local Authority"
25473,163,"NGA","Nigeria",19,"Kaduna",368,"ZangonKa","","Zangon Kataf","Local Authority","Local Authority"
25474,163,"NGA","Nigeria",19,"Kaduna",369,"Zaria","","","Local Authority","Local Authority"
25475,163,"NGA","Nigeria",20,"Kano",370,"Ajingi","","","Local Authority","Local Authority"
25476,163,"NGA","Nigeria",20,"Kano",371,"Albasu","","","Local Authority","Local Authority"
25477,163,"NGA","Nigeria",20,"Kano",372,"Bagwai","","","Local Authority","Local Authority"
25478,163,"NGA","Nigeria",20,"Kano",373,"Bebeji","","","Local Authority","Local Authority"
25479,163,"NGA","Nigeria",20,"Kano",374,"Bichi","","","Local Authority","Local Authority"
25480,163,"NGA","Nigeria",20,"Kano",375,"Bunkure","","","Local Authority","Local Authority"
25481,163,"NGA","Nigeria",20,"Kano",376,"Dala","","","Local Authority","Local Authority"
25482,163,"NGA","Nigeria",20,"Kano",377,"Dambatta","","","Local Authority","Local Authority"
25483,163,"NGA","Nigeria",20,"Kano",378,"DawakinK","","Dawakin Kudu","Local Authority","Local Authority"
25484,163,"NGA","Nigeria",20,"Kano",379,"DawakinT","","Dawakin Tofa","Local Authority","Local Authority"
25485,163,"NGA","Nigeria",20,"Kano",380,"Doguwa","","","Local Authority","Local Authority"
25486,163,"NGA","Nigeria",20,"Kano",381,"Fagge","","","Local Authority","Local Authority"
25487,163,"NGA","Nigeria",20,"Kano",382,"Gabasawa","","","Local Authority","Local Authority"
25488,163,"NGA","Nigeria",20,"Kano",383,"Garko","","","Local Authority","Local Authority"
25489,163,"NGA","Nigeria",20,"Kano",384,"Garum Mallam","","","Local Authority","Local Authority"
25490,163,"NGA","Nigeria",20,"Kano",385,"Gaya","","","Local Authority","Local Authority"
25491,163,"NGA","Nigeria",20,"Kano",386,"Gezawa","","","Local Authority","Local Authority"
25492,163,"NGA","Nigeria",20,"Kano",387,"Gwale","","","Local Authority","Local Authority"
25493,163,"NGA","Nigeria",20,"Kano",388,"Gwarzo","","","Local Authority","Local Authority"
25494,163,"NGA","Nigeria",20,"Kano",389,"Kabo","","","Local Authority","Local Authority"
25495,163,"NGA","Nigeria",20,"Kano",390,"Kano","","Kano Municipal","Local Authority","Local Authority"
25496,163,"NGA","Nigeria",20,"Kano",391,"Karaye","","","Local Authority","Local Authority"
25497,163,"NGA","Nigeria",20,"Kano",392,"Kibiya","","","Local Authority","Local Authority"
25498,163,"NGA","Nigeria",20,"Kano",393,"Kiru","","","Local Authority","Local Authority"
25499,163,"NGA","Nigeria",20,"Kano",394,"Kumbotso","","","Local Authority","Local Authority"
25500,163,"NGA","Nigeria",20,"Kano",395,"Kunchi","","","Local Authority","Local Authority"
25501,163,"NGA","Nigeria",20,"Kano",396,"Kura","","","Local Authority","Local Authority"
25502,163,"NGA","Nigeria",20,"Kano",397,"Madobi","","","Local Authority","Local Authority"
25503,163,"NGA","Nigeria",20,"Kano",398,"Makoda","","","Local Authority","Local Authority"
25504,163,"NGA","Nigeria",20,"Kano",399,"Minjibir","","","Local Authority","Local Authority"
25505,163,"NGA","Nigeria",20,"Kano",400,"Nassaraw","","Nassarawa","Local Authority","Local Authority"
25506,163,"NGA","Nigeria",20,"Kano",401,"Rano","","","Local Authority","Local Authority"
25507,163,"NGA","Nigeria",20,"Kano",402,"RiminGad","","Rimin Gado","Local Authority","Local Authority"
25508,163,"NGA","Nigeria",20,"Kano",403,"Rogo","","","Local Authority","Local Authority"
25509,163,"NGA","Nigeria",20,"Kano",404,"Shanono","","","Local Authority","Local Authority"
25510,163,"NGA","Nigeria",20,"Kano",405,"Sumaila","","","Local Authority","Local Authority"
25511,163,"NGA","Nigeria",20,"Kano",406,"Takai","","","Local Authority","Local Authority"
25512,163,"NGA","Nigeria",20,"Kano",407,"Tarauni","","","Local Authority","Local Authority"
25513,163,"NGA","Nigeria",20,"Kano",408,"Tofa","","","Local Authority","Local Authority"
25514,163,"NGA","Nigeria",20,"Kano",409,"Tsanyawa","","","Local Authority","Local Authority"
25515,163,"NGA","Nigeria",20,"Kano",410,"Tundun Wada","","","Local Authority","Local Authority"
25516,163,"NGA","Nigeria",20,"Kano",411,"Ungogo","","","Local Authority","Local Authority"
25517,163,"NGA","Nigeria",20,"Kano",412,"Warawa","","","Local Authority","Local Authority"
25518,163,"NGA","Nigeria",20,"Kano",413,"Wudil","","","Local Authority","Local Authority"
25519,163,"NGA","Nigeria",21,"Katsina",414,"Bakori","","","Local Authority","Local Authority"
25520,163,"NGA","Nigeria",21,"Katsina",415,"Batagarawa","","","Local Authority","Local Authority"
25521,163,"NGA","Nigeria",21,"Katsina",416,"Batsari","","","Local Authority","Local Authority"
25522,163,"NGA","Nigeria",21,"Katsina",417,"Baure","","","Local Authority","Local Authority"
25523,163,"NGA","Nigeria",21,"Katsina",418,"Bindawa","","","Local Authority","Local Authority"
25524,163,"NGA","Nigeria",21,"Katsina",419,"Charanchi","","","Local Authority","Local Authority"
25525,163,"NGA","Nigeria",21,"Katsina",420,"Dandume","","","Local Authority","Local Authority"
25526,163,"NGA","Nigeria",21,"Katsina",421,"Danja","","","Local Authority","Local Authority"
25527,163,"NGA","Nigeria",21,"Katsina",422,"Danmusa","","","Local Authority","Local Authority"
25528,163,"NGA","Nigeria",21,"Katsina",423,"Daura","","","Local Authority","Local Authority"
25529,163,"NGA","Nigeria",21,"Katsina",424,"Dutsi","","","Local Authority","Local Authority"
25530,163,"NGA","Nigeria",21,"Katsina",425,"Dutsin-M","","Dutsinma","Local Authority","Local Authority"
25531,163,"NGA","Nigeria",21,"Katsina",426,"Faskari","","","Local Authority","Local Authority"
25532,163,"NGA","Nigeria",21,"Katsina",427,"Funtua","","","Local Authority","Local Authority"
25533,163,"NGA","Nigeria",21,"Katsina",428,"Ingawa","","","Local Authority","Local Authority"
25534,163,"NGA","Nigeria",21,"Katsina",429,"Jibia","","","Local Authority","Local Authority"
25535,163,"NGA","Nigeria",21,"Katsina",430,"Kafur","","","Local Authority","Local Authority"
25536,163,"NGA","Nigeria",21,"Katsina",431,"Kaita","","","Local Authority","Local Authority"
25537,163,"NGA","Nigeria",21,"Katsina",432,"Kankara","","","Local Authority","Local Authority"
25538,163,"NGA","Nigeria",21,"Katsina",433,"Kankiya","","Kankia","Local Authority","Local Authority"
25539,163,"NGA","Nigeria",21,"Katsina",434,"Katsina (K)","","Katsina","Local Authority","Local Authority"
25540,163,"NGA","Nigeria",21,"Katsina",435,"Kurfi","","","Local Authority","Local Authority"
25541,163,"NGA","Nigeria",21,"Katsina",436,"Kusada","","","Local Authority","Local Authority"
25542,163,"NGA","Nigeria",21,"Katsina",437,"Mai'Adua","","","Local Authority","Local Authority"
25543,163,"NGA","Nigeria",21,"Katsina",438,"Malumfashi","","","Local Authority","Local Authority"
25544,163,"NGA","Nigeria",21,"Katsina",439,"Mani","","","Local Authority","Local Authority"
25545,163,"NGA","Nigeria",21,"Katsina",440,"Mashi","","","Local Authority","Local Authority"
25546,163,"NGA","Nigeria",21,"Katsina",441,"Matazu","","","Local Authority","Local Authority"
25547,163,"NGA","Nigeria",21,"Katsina",442,"Musawa","","","Local Authority","Local Authority"
25548,163,"NGA","Nigeria",21,"Katsina",443,"Rimi","","","Local Authority","Local Authority"
25549,163,"NGA","Nigeria",21,"Katsina",444,"Sabuwa","","","Local Authority","Local Authority"
25550,163,"NGA","Nigeria",21,"Katsina",445,"Safana","","","Local Authority","Local Authority"
25551,163,"NGA","Nigeria",21,"Katsina",446,"Sandamu","","","Local Authority","Local Authority"
25552,163,"NGA","Nigeria",21,"Katsina",447,"Zango","","","Local Authority","Local Authority"
25553,163,"NGA","Nigeria",22,"Kebbi",448,"Aleiro","","","Local Authority","Local Authority"
25554,163,"NGA","Nigeria",22,"Kebbi",449,"Arewa","","Arewa Dandi","Local Authority","Local Authority"
25555,163,"NGA","Nigeria",22,"Kebbi",450,"Argungu","","","Local Authority","Local Authority"
25556,163,"NGA","Nigeria",22,"Kebbi",451,"Augie","","","Local Authority","Local Authority"
25557,163,"NGA","Nigeria",22,"Kebbi",452,"Bagudo","","","Local Authority","Local Authority"
25558,163,"NGA","Nigeria",22,"Kebbi",453,"BirninKe","","Birnin-Kebbi","Local Authority","Local Authority"
25559,163,"NGA","Nigeria",22,"Kebbi",454,"Bunza","","","Local Authority","Local Authority"
25560,163,"NGA","Nigeria",22,"Kebbi",455,"Dandi","","","Local Authority","Local Authority"
25561,163,"NGA","Nigeria",22,"Kebbi",456,"Danko Wasagu","","","Local Authority","Local Authority"
25562,163,"NGA","Nigeria",22,"Kebbi",457,"Fakai","","","Local Authority","Local Authority"
25563,163,"NGA","Nigeria",22,"Kebbi",458,"Gwandu","","","Local Authority","Local Authority"
25564,163,"NGA","Nigeria",22,"Kebbi",459,"Jega","","","Local Authority","Local Authority"
25565,163,"NGA","Nigeria",22,"Kebbi",460,"Kalgo","","","Local Authority","Local Authority"
25566,163,"NGA","Nigeria",22,"Kebbi",461,"Koko/Bes","","Koko/Besse","Local Authority","Local Authority"
25567,163,"NGA","Nigeria",22,"Kebbi",462,"Maiyama","","","Local Authority","Local Authority"
25568,163,"NGA","Nigeria",22,"Kebbi",463,"Ngaski","","","Local Authority","Local Authority"
25569,163,"NGA","Nigeria",22,"Kebbi",464,"Sakaba","","","Local Authority","Local Authority"
25570,163,"NGA","Nigeria",22,"Kebbi",465,"Shanga","","","Local Authority","Local Authority"
25571,163,"NGA","Nigeria",22,"Kebbi",466,"Suru","","","Local Authority","Local Authority"
25572,163,"NGA","Nigeria",22,"Kebbi",467,"Yauri","","","Local Authority","Local Authority"
25573,163,"NGA","Nigeria",22,"Kebbi",468,"Zuru","","","Local Authority","Local Authority"
25574,163,"NGA","Nigeria",23,"Kogi",469,"Adavi","","","Local Authority","Local Authority"
25575,163,"NGA","Nigeria",23,"Kogi",470,"Ajaokuta","","","Local Authority","Local Authority"
25576,163,"NGA","Nigeria",24,"Kwara",494,"Ifelodun","","","Local Authority","Local Authority"
25577,163,"NGA","Nigeria",24,"Kwara",495,"Ilorin East","","","Local Authority","Local Authority"
25578,163,"NGA","Nigeria",24,"Kwara",496,"Ilorin South","","","Local Authority","Local Authority"
25579,163,"NGA","Nigeria",24,"Kwara",497,"IlorinWe","","Ilorin West","Local Authority","Local Authority"
25580,163,"NGA","Nigeria",24,"Kwara",498,"Irepodun","","","Local Authority","Local Authority"
25581,163,"NGA","Nigeria",24,"Kwara",499,"Isin","","","Local Authority","Local Authority"
25582,163,"NGA","Nigeria",24,"Kwara",500,"Kaiama","","","Local Authority","Local Authority"
25583,163,"NGA","Nigeria",24,"Kwara",501,"Moro","","","Local Authority","Local Authority"
25584,163,"NGA","Nigeria",24,"Kwara",502,"Offa","","","Local Authority","Local Authority"
25585,163,"NGA","Nigeria",24,"Kwara",503,"Oke-Ero","","","Local Authority","Local Authority"
25586,163,"NGA","Nigeria",24,"Kwara",504,"Oyun","","","Local Authority","Local Authority"
25587,163,"NGA","Nigeria",24,"Kwara",505,"Pategi","","","Local Authority","Local Authority"
25588,163,"NGA","Nigeria",25,"Lagos",506,"Agege","","","Local Authority","Local Authority"
25589,163,"NGA","Nigeria",25,"Lagos",507,"Ajeromi/Ifelodun","","","Local Authority","Local Authority"
25590,163,"NGA","Nigeria",25,"Lagos",508,"Alimosho","","","Local Authority","Local Authority"
25591,163,"NGA","Nigeria",25,"Lagos",509,"Amuwo Odofin","","","Local Authority","Local Authority"
25592,163,"NGA","Nigeria",25,"Lagos",510,"Apapa","","","Local Authority","Local Authority"
25593,163,"NGA","Nigeria",25,"Lagos",511,"Badagary","","Badagry","Local Authority","Local Authority"
25594,163,"NGA","Nigeria",25,"Lagos",512,"Epe","","","Local Authority","Local Authority"
25595,163,"NGA","Nigeria",25,"Lagos",513,"Eti-Osa","","","Local Authority","Local Authority"
25596,163,"NGA","Nigeria",25,"Lagos",514,"Ibeju/Lekki","","Ibeju Lekki","Local Authority","Local Authority"
25597,163,"NGA","Nigeria",25,"Lagos",515,"Ifako/Ijaye","","","Local Authority","Local Authority"
25598,163,"NGA","Nigeria",25,"Lagos",516,"Ikeja","","","Local Authority","Local Authority"
25599,163,"NGA","Nigeria",25,"Lagos",517,"Ikorodu","","","Local Authority","Local Authority"
25600,163,"NGA","Nigeria",25,"Lagos",518,"Kosofe","","","Local Authority","Local Authority"
25601,163,"NGA","Nigeria",25,"Lagos",519,"LagosIsland","","Lagos Island","Local Authority","Local Authority"
25602,163,"NGA","Nigeria",25,"Lagos",520,"Mainland","","Lagos Mainland","Local Authority","Local Authority"
25603,163,"NGA","Nigeria",25,"Lagos",521,"Mushin","","","Local Authority","Local Authority"
25604,163,"NGA","Nigeria",25,"Lagos",522,"Ojo","","","Local Authority","Local Authority"
25605,163,"NGA","Nigeria",25,"Lagos",523,"Oshodi/Isolo","","","Local Authority","Local Authority"
25606,163,"NGA","Nigeria",25,"Lagos",524,"Shomolu","","","Local Authority","Local Authority"
25607,163,"NGA","Nigeria",25,"Lagos",525,"Surulere","","","Local Authority","Local Authority"
25608,163,"NGA","Nigeria",26,"Nassarawa",526,"Akwanga","","","Local Authority","Local Authority"
25609,163,"NGA","Nigeria",26,"Nassarawa",527,"Awe","","","Local Authority","Local Authority"
25610,163,"NGA","Nigeria",26,"Nassarawa",528,"Doma","","","Local Authority","Local Authority"
25611,163,"NGA","Nigeria",26,"Nassarawa",529,"Karu","","","Local Authority","Local Authority"
25612,163,"NGA","Nigeria",26,"Nassarawa",530,"Keana","","","Local Authority","Local Authority"
25613,163,"NGA","Nigeria",26,"Nassarawa",531,"Keffi","","","Local Authority","Local Authority"
25614,163,"NGA","Nigeria",26,"Nassarawa",532,"Kokona","","","Local Authority","Local Authority"
25615,163,"NGA","Nigeria",26,"Nassarawa",533,"Lafia","","","Local Authority","Local Authority"
25616,163,"NGA","Nigeria",26,"Nassarawa",534,"Nasarawa","","Nassarawa","Local Authority","Local Authority"
25617,163,"NGA","Nigeria",26,"Nassarawa",535,"Nassarawa Egon","","","Local Authority","Local Authority"
25618,163,"NGA","Nigeria",26,"Nassarawa",536,"Obi","","","Local Authority","Local Authority"
25619,163,"NGA","Nigeria",26,"Nassarawa",537,"Toto","","","Local Authority","Local Authority"
25620,163,"NGA","Nigeria",26,"Nassarawa",538,"Wamba","","","Local Authority","Local Authority"
25621,163,"NGA","Nigeria",27,"Niger",539,"Agaie","","","Local Authority","Local Authority"
25622,163,"NGA","Nigeria",27,"Niger",540,"Agwara","","","Local Authority","Local Authority"
25623,163,"NGA","Nigeria",27,"Niger",541,"Bida","","","Local Authority","Local Authority"
25624,163,"NGA","Nigeria",27,"Niger",542,"Borgu","","","Local Authority","Local Authority"
25625,163,"NGA","Nigeria",27,"Niger",543,"Bosso","","","Local Authority","Local Authority"
25626,163,"NGA","Nigeria",27,"Niger",544,"Chanchaga","","","Local Authority","Local Authority"
25627,163,"NGA","Nigeria",27,"Niger",545,"Edati","","","Local Authority","Local Authority"
25628,163,"NGA","Nigeria",27,"Niger",546,"Gbako","","","Local Authority","Local Authority"
25629,163,"NGA","Nigeria",27,"Niger",547,"Gurara","","","Local Authority","Local Authority"
25630,163,"NGA","Nigeria",27,"Niger",548,"Katcha","","","Local Authority","Local Authority"
25631,163,"NGA","Nigeria",27,"Niger",549,"Kontogur","","Kontagora","Local Authority","Local Authority"
25632,163,"NGA","Nigeria",27,"Niger",550,"Lapai","","","Local Authority","Local Authority"
25633,163,"NGA","Nigeria",27,"Niger",551,"Lavun","","","Local Authority","Local Authority"
25634,163,"NGA","Nigeria",27,"Niger",552,"Magama","","","Local Authority","Local Authority"
25635,163,"NGA","Nigeria",27,"Niger",553,"Mariga","","","Local Authority","Local Authority"
25636,163,"NGA","Nigeria",27,"Niger",554,"Mashegu","","","Local Authority","Local Authority"
25637,163,"NGA","Nigeria",27,"Niger",555,"Mokwa","","","Local Authority","Local Authority"
25638,163,"NGA","Nigeria",27,"Niger",556,"Muya","","","Local Authority","Local Authority"
25639,163,"NGA","Nigeria",27,"Niger",557,"Paikoro","","","Local Authority","Local Authority"
25640,163,"NGA","Nigeria",27,"Niger",558,"Rafi","","","Local Authority","Local Authority"
25641,163,"NGA","Nigeria",27,"Niger",559,"Rijau","","","Local Authority","Local Authority"
25642,163,"NGA","Nigeria",27,"Niger",560,"Shiroro","","","Local Authority","Local Authority"
25643,163,"NGA","Nigeria",27,"Niger",561,"Suleja","","","Local Authority","Local Authority"
25644,163,"NGA","Nigeria",27,"Niger",562,"Tafa","","","Local Authority","Local Authority"
25645,163,"NGA","Nigeria",27,"Niger",563,"Wushishi","","","Local Authority","Local Authority"
25646,163,"NGA","Nigeria",28,"Ogun",564,"Abeokuta South","","","Local Authority","Local Authority"
25647,163,"NGA","Nigeria",28,"Ogun",565,"AbeokutaNorth","","Abeokuta North","Local Authority","Local Authority"
25648,163,"NGA","Nigeria",28,"Ogun",566,"AdoOdo/Ota","","Ado Odo/Ota","Local Authority","Local Authority"
25649,163,"NGA","Nigeria",28,"Ogun",567,"EgbadoNorth","","Egbado North","Local Authority","Local Authority"
25650,163,"NGA","Nigeria",28,"Ogun",568,"EgbadoSouth","","Egbado South","Local Authority","Local Authority"
25651,163,"NGA","Nigeria",28,"Ogun",569,"Ewekoro","","","Local Authority","Local Authority"
25652,163,"NGA","Nigeria",28,"Ogun",570,"Ifo","","","Local Authority","Local Authority"
25653,163,"NGA","Nigeria",28,"Ogun",571,"Ijebu North-East","","","Local Authority","Local Authority"
25654,163,"NGA","Nigeria",28,"Ogun",572,"IjebuEast","","Ijebu East","Local Authority","Local Authority"
25655,163,"NGA","Nigeria",28,"Ogun",573,"IjebuNorth","","Ijebu North","Local Authority","Local Authority"
25656,163,"NGA","Nigeria",28,"Ogun",574,"IjebuOde","","Ijebu-Ode","Local Authority","Local Authority"
25657,163,"NGA","Nigeria",28,"Ogun",575,"Ikenne","","","Local Authority","Local Authority"
25658,163,"NGA","Nigeria",28,"Ogun",576,"Imeko-Afon","","","Local Authority","Local Authority"
25659,163,"NGA","Nigeria",28,"Ogun",577,"Ipokia","","","Local Authority","Local Authority"
25660,163,"NGA","Nigeria",28,"Ogun",578,"Obafemi-Owode","","","Local Authority","Local Authority"
25661,163,"NGA","Nigeria",28,"Ogun",579,"Odeda","","","Local Authority","Local Authority"
25662,163,"NGA","Nigeria",28,"Ogun",580,"Odogbolu","","","Local Authority","Local Authority"
25663,163,"NGA","Nigeria",28,"Ogun",581,"OgunWaterside","","Ogun Waterside","Local Authority","Local Authority"
25804,163,"NGA","Nigeria",30,"Osun",604,"Ayedaade","","Aiyedaade","Local Authority","Local Authority"
25805,163,"NGA","Nigeria",30,"Osun",605,"Ayedire","","Aiyedire","Local Authority","Local Authority"
25806,163,"NGA","Nigeria",30,"Osun",606,"Boluwaduro","","","Local Authority","Local Authority"
25807,163,"NGA","Nigeria",30,"Osun",607,"Boripe","","","Local Authority","Local Authority"
25808,163,"NGA","Nigeria",30,"Osun",608,"Ede North","","","Local Authority","Local Authority"
25809,163,"NGA","Nigeria",30,"Osun",609,"Ede South","","","Local Authority","Local Authority"
25810,163,"NGA","Nigeria",30,"Osun",610,"Egbedore","","","Local Authority","Local Authority"
25811,163,"NGA","Nigeria",30,"Osun",611,"Ejigbo","","","Local Authority","Local Authority"
25812,163,"NGA","Nigeria",30,"Osun",612,"Ife East","","","Local Authority","Local Authority"
25813,163,"NGA","Nigeria",30,"Osun",613,"Ife North","","","Local Authority","Local Authority"
25814,163,"NGA","Nigeria",30,"Osun",614,"Ife South","","","Local Authority","Local Authority"
25815,163,"NGA","Nigeria",30,"Osun",615,"IfeCentral","","Ife Central","Local Authority","Local Authority"
25816,163,"NGA","Nigeria",30,"Osun",616,"Ifedayo","","","Local Authority","Local Authority"
25817,163,"NGA","Nigeria",30,"Osun",617,"Ifelodun","","","Local Authority","Local Authority"
25818,163,"NGA","Nigeria",30,"Osun",618,"Ila","","","Local Authority","Local Authority"
25819,163,"NGA","Nigeria",30,"Osun",619,"Ilesha East","","","Local Authority","Local Authority"
25820,163,"NGA","Nigeria",30,"Osun",620,"Ilesha West","","","Local Authority","Local Authority"
25821,163,"NGA","Nigeria",30,"Osun",621,"Irepodun","","","Local Authority","Local Authority"
25822,163,"NGA","Nigeria",30,"Osun",622,"Irewole","","","Local Authority","Local Authority"
25823,163,"NGA","Nigeria",30,"Osun",623,"Isokan","","","Local Authority","Local Authority"
25824,163,"NGA","Nigeria",30,"Osun",624,"Iwo","","","Local Authority","Local Authority"
25825,163,"NGA","Nigeria",30,"Osun",625,"Obokun","","","Local Authority","Local Authority"
25826,163,"NGA","Nigeria",30,"Osun",626,"Odo0tin","","Odo-Otin","Local Authority","Local Authority"
25827,163,"NGA","Nigeria",30,"Osun",627,"Ola-Oluwa","","","Local Authority","Local Authority"
25828,163,"NGA","Nigeria",30,"Osun",628,"Olorunda","","","Local Authority","Local Authority"
25829,163,"NGA","Nigeria",30,"Osun",629,"Oriade","","","Local Authority","Local Authority"
25830,163,"NGA","Nigeria",30,"Osun",630,"Orolu","","","Local Authority","Local Authority"
25831,163,"NGA","Nigeria",30,"Osun",631,"Osogbo","","","Local Authority","Local Authority"
25832,163,"NGA","Nigeria",31,"Oyo",632,"Afijio","","","Local Authority","Local Authority"
25833,163,"NGA","Nigeria",31,"Oyo",633,"Akinyele","","","Local Authority","Local Authority"
25834,163,"NGA","Nigeria",31,"Oyo",634,"Atiba","","","Local Authority","Local Authority"
25835,163,"NGA","Nigeria",31,"Oyo",635,"Atisbo","","","Local Authority","Local Authority"
25836,163,"NGA","Nigeria",31,"Oyo",636,"Egbeda","","","Local Authority","Local Authority"
25837,163,"NGA","Nigeria",31,"Oyo",637,"IbadanNorth-East","","Ibadan North-East","Local Authority","Local Authority"
25838,163,"NGA","Nigeria",31,"Oyo",638,"IbadanNorth-West","","Ibadan North-West","Local Authority","Local Authority"
25839,163,"NGA","Nigeria",31,"Oyo",639,"IbadanNorth","","Ibadan North","Local Authority","Local Authority"
25840,163,"NGA","Nigeria",31,"Oyo",640,"IbadanSouth-East","","Ibadan South-East","Local Authority","Local Authority"
25841,163,"NGA","Nigeria",31,"Oyo",641,"IbadanSouth-West","","Ibadan South-West","Local Authority","Local Authority"
25842,163,"NGA","Nigeria",31,"Oyo",642,"Ibarapa Central","","","Local Authority","Local Authority"
25843,163,"NGA","Nigeria",31,"Oyo",643,"Ibarapa East","","","Local Authority","Local Authority"
25844,163,"NGA","Nigeria",31,"Oyo",644,"Ibarapa North","","","Local Authority","Local Authority"
25845,163,"NGA","Nigeria",31,"Oyo",645,"Ido","","","Local Authority","Local Authority"
25846,163,"NGA","Nigeria",31,"Oyo",646,"Irepo","","","Local Authority","Local Authority"
25847,163,"NGA","Nigeria",31,"Oyo",647,"Iseyin","","","Local Authority","Local Authority"
25848,163,"NGA","Nigeria",31,"Oyo",648,"Itesiwaju","","","Local Authority","Local Authority"
25849,163,"NGA","Nigeria",31,"Oyo",649,"Iwajowa","","","Local Authority","Local Authority"
25850,163,"NGA","Nigeria",31,"Oyo",650,"Kajola","","","Local Authority","Local Authority"
25851,163,"NGA","Nigeria",31,"Oyo",651,"Lagelu","","","Local Authority","Local Authority"
25852,163,"NGA","Nigeria",31,"Oyo",652,"Ogbomosho North","","","Local Authority","Local Authority"
25853,163,"NGA","Nigeria",31,"Oyo",653,"Ogbomosho South","","","Local Authority","Local Authority"
25854,163,"NGA","Nigeria",31,"Oyo",654,"Ogo-Oluw","","Ogo Oluwa","Local Authority","Local Authority"
25855,163,"NGA","Nigeria",31,"Oyo",655,"Olorunsogo","","","Local Authority","Local Authority"
25856,163,"NGA","Nigeria",31,"Oyo",656,"Oluyole","","","Local Authority","Local Authority"
25857,163,"NGA","Nigeria",31,"Oyo",657,"Ona-Ara","","Ona Ara","Local Authority","Local Authority"
25858,163,"NGA","Nigeria",31,"Oyo",658,"Orelope","","","Local Authority","Local Authority"
25859,163,"NGA","Nigeria",31,"Oyo",659,"Ori-Ire","","","Local Authority","Local Authority"
25860,163,"NGA","Nigeria",31,"Oyo",660,"Oyo East","","","Local Authority","Local Authority"
25861,163,"NGA","Nigeria",31,"Oyo",661,"Oyo West","","","Local Authority","Local Authority"
25862,163,"NGA","Nigeria",31,"Oyo",662,"Saki East","","","Local Authority","Local Authority"
25863,163,"NGA","Nigeria",31,"Oyo",663,"Saki West","","","Local Authority","Local Authority"
25864,163,"NGA","Nigeria",31,"Oyo",664,"Surulere","","","Local Authority","Local Authority"
25865,163,"NGA","Nigeria",32,"Plateau",665,"Barkin Ladi","","","Local Authority","Local Authority"
25866,163,"NGA","Nigeria",32,"Plateau",666,"Bassa","","","Local Authority","Local Authority"
25867,163,"NGA","Nigeria",32,"Plateau",667,"Bokkos","","","Local Authority","Local Authority"
25868,163,"NGA","Nigeria",32,"Plateau",668,"Jos East","","","Local Authority","Local Authority"
25869,163,"NGA","Nigeria",32,"Plateau",669,"Jos North","","","Local Authority","Local Authority"
25870,163,"NGA","Nigeria",32,"Plateau",670,"Jos South","","","Local Authority","Local Authority"
25871,163,"NGA","Nigeria",32,"Plateau",671,"Kanam","","","Local Authority","Local Authority"
25872,163,"NGA","Nigeria",32,"Plateau",672,"Kanke","","","Local Authority","Local Authority"
25873,163,"NGA","Nigeria",32,"Plateau",673,"Langtang North","","","Local Authority","Local Authority"
25874,163,"NGA","Nigeria",32,"Plateau",674,"Langtang South","","","Local Authority","Local Authority"
25875,163,"NGA","Nigeria",32,"Plateau",675,"Mangu","","","Local Authority","Local Authority"
25876,163,"NGA","Nigeria",32,"Plateau",676,"Mikang","","","Local Authority","Local Authority"
25877,163,"NGA","Nigeria",32,"Plateau",677,"Pankshin","","","Local Authority","Local Authority"
25878,163,"NGA","Nigeria",32,"Plateau",678,"Qua'anpa","","Qua'an Pan","Local Authority","Local Authority"
25879,163,"NGA","Nigeria",32,"Plateau",679,"Riyom","","","Local Authority","Local Authority"
25880,163,"NGA","Nigeria",32,"Plateau",680,"Shendam","","","Local Authority","Local Authority"
25881,163,"NGA","Nigeria",32,"Plateau",681,"Wase","","","Local Authority","Local Authority"
25882,163,"NGA","Nigeria",33,"Rivers",682,"Abua/Odu","","Abua / Odual","Local Authority","Local Authority"
25883,163,"NGA","Nigeria",33,"Rivers",683,"Ahoada East","","","Local Authority","Local Authority"
25884,163,"NGA","Nigeria",33,"Rivers",684,"Ahoada West","","","Local Authority","Local Authority"
25885,163,"NGA","Nigeria",33,"Rivers",685,"Akukutor","","Akuku-Toru","Local Authority","Local Authority"
25886,163,"NGA","Nigeria",33,"Rivers",686,"Andoni/O","","Andoni","Local Authority","Local Authority"
25887,163,"NGA","Nigeria",33,"Rivers",687,"Asari-To","","Asari-Toru","Local Authority","Local Authority"
25888,163,"NGA","Nigeria",33,"Rivers",688,"Bonny","","","Local Authority","Local Authority"
25889,163,"NGA","Nigeria",33,"Rivers",689,"Degema","","","Local Authority","Local Authority"
25890,163,"NGA","Nigeria",33,"Rivers",690,"Eleme","","","Local Authority","Local Authority"
25891,163,"NGA","Nigeria",33,"Rivers",691,"Emuoha","","","Local Authority","Local Authority"
25892,163,"NGA","Nigeria",33,"Rivers",692,"Etche","","","Local Authority","Local Authority"
25893,163,"NGA","Nigeria",33,"Rivers",693,"Gokana","","","Local Authority","Local Authority"
25894,163,"NGA","Nigeria",33,"Rivers",694,"Ikwerre","","","Local Authority","Local Authority"
25895,163,"NGA","Nigeria",33,"Rivers",695,"Khana","","","Local Authority","Local Authority"
25896,163,"NGA","Nigeria",33,"Rivers",696,"Obio/Akp","","Obio/Akpor","Local Authority","Local Authority"
25897,163,"NGA","Nigeria",33,"Rivers",697,"Ogba/Egbe","","Ogba/ Egbema/ Ndoni","Local Authority","Local Authority"
25898,163,"NGA","Nigeria",33,"Rivers",698,"Ogu/Bolo","","","Local Authority","Local Authority"
25899,163,"NGA","Nigeria",33,"Rivers",699,"Okrika","","","Local Authority","Local Authority"
25900,163,"NGA","Nigeria",33,"Rivers",700,"Omumma","","","Local Authority","Local Authority"
25901,163,"NGA","Nigeria",33,"Rivers",701,"Opobo/Nkoro","","","Local Authority","Local Authority"
25902,163,"NGA","Nigeria",33,"Rivers",702,"Oyigbo","","","Local Authority","Local Authority"
25903,163,"NGA","Nigeria",33,"Rivers",703,"Port Harcourt","","","Local Authority","Local Authority"
25904,163,"NGA","Nigeria",33,"Rivers",704,"Tai","","","Local Authority","Local Authority"
25905,163,"NGA","Nigeria",34,"Sokoto",705,"Binji","","","Local Authority","Local Authority"
25906,163,"NGA","Nigeria",34,"Sokoto",706,"Bodinga","","","Local Authority","Local Authority"
25907,163,"NGA","Nigeria",34,"Sokoto",707,"Dange-Shuni","","","Local Authority","Local Authority"
25908,163,"NGA","Nigeria",34,"Sokoto",708,"Gada","","","Local Authority","Local Authority"
25909,163,"NGA","Nigeria",34,"Sokoto",709,"Goronyo","","","Local Authority","Local Authority"
25910,163,"NGA","Nigeria",34,"Sokoto",710,"Gudu","","","Local Authority","Local Authority"
25911,163,"NGA","Nigeria",34,"Sokoto",711,"Gwadabaw","","Gwadabawa","Local Authority","Local Authority"
25912,163,"NGA","Nigeria",34,"Sokoto",712,"Illela","","","Local Authority","Local Authority"
25913,163,"NGA","Nigeria",34,"Sokoto",713,"Isa","","","Local Authority","Local Authority"
25914,163,"NGA","Nigeria",34,"Sokoto",714,"Kebbe","","","Local Authority","Local Authority"
25915,163,"NGA","Nigeria",34,"Sokoto",715,"Kware","","","Local Authority","Local Authority"
25916,163,"NGA","Nigeria",34,"Sokoto",716,"Rabah","","","Local Authority","Local Authority"
25917,163,"NGA","Nigeria",34,"Sokoto",717,"Sabon Birni","","","Local Authority","Local Authority"
25918,163,"NGA","Nigeria",34,"Sokoto",718,"Shagari","","","Local Authority","Local Authority"
25919,163,"NGA","Nigeria",34,"Sokoto",719,"Silame","","","Local Authority","Local Authority"
25920,163,"NGA","Nigeria",34,"Sokoto",720,"Sokoto North","","","Local Authority","Local Authority"
25921,163,"NGA","Nigeria",34,"Sokoto",721,"Sokoto South","","","Local Authority","Local Authority"
25922,163,"NGA","Nigeria",34,"Sokoto",722,"Tambawal","","Tambuwal","Local Authority","Local Authority"
25923,163,"NGA","Nigeria",34,"Sokoto",723,"Tangazar","","Tangaza","Local Authority","Local Authority"
25924,163,"NGA","Nigeria",34,"Sokoto",724,"Tureta","","","Local Authority","Local Authority"
25925,163,"NGA","Nigeria",34,"Sokoto",725,"Wamakko","","Wamako","Local Authority","Local Authority"
25926,163,"NGA","Nigeria",34,"Sokoto",726,"Wurno","","","Local Authority","Local Authority"
25927,163,"NGA","Nigeria",34,"Sokoto",727,"Yabo","","","Local Authority","Local Authority"
25928,163,"NGA","Nigeria",35,"Taraba",728,"Ardo-Kola","","","Local Authority","Local Authority"
25929,163,"NGA","Nigeria",35,"Taraba",729,"Bali","","","Local Authority","Local Authority"
25930,163,"NGA","Nigeria",35,"Taraba",730,"Donga","","","Local Authority","Local Authority"
25931,163,"NGA","Nigeria",35,"Taraba",731,"Gashaka","","","Local Authority","Local Authority"
25932,163,"NGA","Nigeria",35,"Taraba",732,"Gassol","","","Local Authority","Local Authority"
25933,163,"NGA","Nigeria",35,"Taraba",733,"Ibi","","","Local Authority","Local Authority"
25934,163,"NGA","Nigeria",35,"Taraba",734,"Jalingo","","","Local Authority","Local Authority"
25935,163,"NGA","Nigeria",35,"Taraba",735,"Karim-La","","Karim Lamido","Local Authority","Local Authority"
25936,163,"NGA","Nigeria",35,"Taraba",736,"Kurmi","","","Local Authority","Local Authority"
25937,163,"NGA","Nigeria",35,"Taraba",737,"Lau","","","Local Authority","Local Authority"
25938,163,"NGA","Nigeria",35,"Taraba",738,"Sardauna","","","Local Authority","Local Authority"
25939,163,"NGA","Nigeria",35,"Taraba",739,"Takum","","","Local Authority","Local Authority"
25940,163,"NGA","Nigeria",35,"Taraba",740,"Ussa","","","Local Authority","Local Authority"
25941,163,"NGA","Nigeria",35,"Taraba",741,"Wukari","","","Local Authority","Local Authority"
25942,163,"NGA","Nigeria",35,"Taraba",742,"Yorro","","","Local Authority","Local Authority"
25943,163,"NGA","Nigeria",35,"Taraba",743,"Zing","","","Local Authority","Local Authority"
25944,163,"NGA","Nigeria",36,"Water body",744,"Lake chad","","","Local Authority","Local Authority"
25945,163,"NGA","Nigeria",37,"Yobe",745,"Bade","","","Local Authority","Local Authority"
25946,163,"NGA","Nigeria",37,"Yobe",746,"Borsari","","","Local Authority","Local Authority"
25947,163,"NGA","Nigeria",37,"Yobe",747,"Damaturu","","","Local Authority","Local Authority"
25948,163,"NGA","Nigeria",37,"Yobe",748,"Fika","","","Local Authority","Local Authority"
25949,163,"NGA","Nigeria",37,"Yobe",749,"Fune","","","Local Authority","Local Authority"
25950,163,"NGA","Nigeria",37,"Yobe",750,"Geidam","","","Local Authority","Local Authority"
25951,163,"NGA","Nigeria",37,"Yobe",751,"Gujba","","","Local Authority","Local Authority"
25952,163,"NGA","Nigeria",37,"Yobe",752,"Gulani","","","Local Authority","Local Authority"
25953,163,"NGA","Nigeria",37,"Yobe",753,"Jakusko","","","Local Authority","Local Authority"
25954,163,"NGA","Nigeria",37,"Yobe",754,"Karasuwa","","","Local Authority","Local Authority"
25955,163,"NGA","Nigeria",37,"Yobe",755,"Machina","","","Local Authority","Local Authority"
25956,163,"NGA","Nigeria",37,"Yobe",756,"Nangere","","","Local Authority","Local Authority"
25957,163,"NGA","Nigeria",37,"Yobe",757,"Nguru","","","Local Authority","Local Authority"
25958,163,"NGA","Nigeria",37,"Yobe",758,"Potiskum","","","Local Authority","Local Authority"
25959,163,"NGA","Nigeria",37,"Yobe",759,"Tarmuwa","","","Local Authority","Local Authority"
25960,163,"NGA","Nigeria",37,"Yobe",760,"Yunusari","","","Local Authority","Local Authority"
25961,163,"NGA","Nigeria",37,"Yobe",761,"Yusufari","","","Local Authority","Local Authority"
25962,163,"NGA","Nigeria",38,"Zamfara",762,"Anka","","","Local Authority","Local Authority"
25963,163,"NGA","Nigeria",38,"Zamfara",763,"Bakura","","","Local Authority","Local Authority"
25964,163,"NGA","Nigeria",38,"Zamfara",764,"Birnin-Magaji/Kiyaw","","","Local Authority","Local Authority"
25965,163,"NGA","Nigeria",38,"Zamfara",765,"Bukkuyum","","","Local Authority","Local Authority"
25966,163,"NGA","Nigeria",38,"Zamfara",766,"Bungudu","","","Local Authority","Local Authority"
25967,163,"NGA","Nigeria",38,"Zamfara",767,"Gummi","","","Local Authority","Local Authority"
25968,163,"NGA","Nigeria",38,"Zamfara",768,"Gusau","","","Local Authority","Local Authority"
25969,163,"NGA","Nigeria",38,"Zamfara",769,"Kaura-Na","","Kaura Namoda","Local Authority","Local Authority"
25970,163,"NGA","Nigeria",38,"Zamfara",770,"Maradun","","","Local Authority","Local Authority"
25971,163,"NGA","Nigeria",38,"Zamfara",771,"Maru","","","Local Authority","Local Authority"
25972,163,"NGA","Nigeria",38,"Zamfara",772,"Shinkafi","","","Local Authority","Local Authority"
25973,163,"NGA","Nigeria",38,"Zamfara",773,"Talata-Mafara","","","Local Authority","Local Authority"
25974,163,"NGA","Nigeria",38,"Zamfara",774,"Tsafe","","","Local Authority","Local Authority"
25975,163,"NGA","Nigeria",38,"Zamfara",775,"Zurmi","","","Local Authority","Local Authority"
