"item","state","centre","date","gps","meanPrice"
"Cement Dangote","Abia","Aba",2011-12-01,1,1816.66662597656
"Cement Dangote","Abia","Aba ukwu amano",2011-12-01,1,1816.66662597656
"Cement Dangote","Abia","Umuahia",2011-12-01,1,1816.66662597656
"Cement Dangote","Abia","51 Umuechem Road",2011-12-01,0,1816.66662597656
"Cement Dangote","Abia","ACC Mission",2011-12-01,0,1816.66662597656
"Cement Dangote","Abia","Abala",2011-12-01,0,1816.66662597656
"Cement Dangote","Abia","Ahia Eke",2011-12-01,0,1816.66662597656
"Cement Dangote","Abia","Ahia Eke Akoli Akanu",2011-12-01,0,1816.66662597656
"Cement Dangote","Abia","Amachi Nsulu",2011-12-01,0,1816.66662597656
"Cement Dangote","Abia","Amaelu",2011-12-01,0,1816.66662597656
"Cement Dangote","Abia","Ariam",2011-12-01,0,1816.66662597656
"Cement Dangote","Abia","Chief Issac Imo",2011-12-01,0,1816.66662597656
"Cement Dangote","Abia","Eziama",2011-12-01,0,1816.66662597656
"Cement Dangote","Abia","Faith Tab.Congregation",2011-12-01,0,1816.66662597656
"Cement Dangote","Abia","Holy Tri.Church",2011-12-01,0,1816.66662597656
"Cement Dangote","Abia","Mr.J.Iroegbulam",2011-12-01,0,1816.66662597656
"Cement Dangote","Abia","NDD Primary School",2011-12-01,0,1816.66662597656
"Cement Dangote","Abia","Ndi Mba Hall",2011-12-01,0,1816.66662597656
"Cement Dangote","Abia","Obinto Ihechiowa",2011-12-01,0,1816.66662597656
"Cement Dangote","Abia","Ohambele",2011-12-01,0,1816.66662597656
"Cement Dangote","Abia","Ugba Junction",2011-12-01,0,1816.66662597656
"Cement Dangote","Abia","Umonpegh Nvosi",2011-12-01,0,1816.66662597656
"Cement Dangote","Abia","Umuho Ohokobe",2011-12-01,0,1816.66662597656
"Cement Dangote","Abia","Umuorie",2011-12-01,0,1816.66662597656
"Cement Dangote","Abia","Uturu",2011-12-01,0,1816.66662597656
"Cement Dangote","Adamawa","Numan",2011-12-01,1,1675
"Cement Dangote","Adamawa","Bakin Kasuwa",2011-12-01,0,1675
"Cement Dangote","Adamawa","Belel",2011-12-01,0,1675
"Cement Dangote","Adamawa","Biyama Hospital",2011-12-01,0,1675
"Cement Dangote","Adamawa","Central Mosque",2011-12-01,0,1675
"Cement Dangote","Adamawa","Company",2011-12-01,0,1675
"Cement Dangote","Adamawa","Dumne",2011-12-01,0,1675
"Cement Dangote","Adamawa","Dutsen Maka",2011-12-01,0,1675
"Cement Dangote","Adamawa","Ganye",2011-12-01,0,1675
"Cement Dangote","Adamawa","Ganye old mkt",2011-12-01,0,1675
"Cement Dangote","Adamawa","Gulak",2011-12-01,0,1675
"Cement Dangote","Adamawa","Gurin",2011-12-01,0,1675
"Cement Dangote","Adamawa","J.B.Manga",2011-12-01,0,1675
"Cement Dangote","Adamawa","Jada mkt",2011-12-01,0,1675
"Cement Dangote","Adamawa","LEFEN",2011-12-01,0,1675
"Cement Dangote","Adamawa","Malamre",2011-12-01,0,1675
"Cement Dangote","Adamawa","Moyo-Wafango",2011-12-01,0,1675
"Cement Dangote","Adamawa","Nalomi Dissol",2011-12-01,0,1675
"Cement Dangote","Adamawa","Numan Gwalam",2011-12-01,0,1675
"Cement Dangote","Adamawa","Sarau",2011-12-01,0,1675
"Cement Dangote","Adamawa","Sebore Suka",2011-12-01,0,1675
"Cement Dangote","Adamawa","Shuwa",2011-12-01,0,1675
"Cement Dangote","Adamawa","Song (Gombi old mkt)",2011-12-01,0,1675
"Cement Dangote","Adamawa","Sunday Bwatasin",2011-12-01,0,1675
"Cement Dangote","Adamawa","Zhau",2011-12-01,0,1675
"Cement Dangote","Akwa Ibom","Abak",2011-12-01,1,1850
"Cement Dangote","Akwa Ibom","Idua Assang",2011-12-01,1,1850
"Cement Dangote","Akwa Ibom","Uyo",2011-12-01,1,1850
"Cement Dangote","Akwa Ibom","Afua mkt",2011-12-01,0,1850
"Cement Dangote","Akwa Ibom","Apostolic Church",2011-12-01,0,1850
"Cement Dangote","Akwa Ibom","Atabong",2011-12-01,0,1850
"Cement Dangote","Akwa Ibom","Chief Ekanem Umana",2011-12-01,0,1850
"Cement Dangote","Akwa Ibom","Ebughu",2011-12-01,0,1850
"Cement Dangote","Akwa Ibom","Ediene Abak",2011-12-01,0,1850
"Cement Dangote","Akwa Ibom","Health Centre",2011-12-01,0,1850
"Cement Dangote","Akwa Ibom","Ibakang",2011-12-01,0,1850
"Cement Dangote","Akwa Ibom","Ibiono Opposite",2011-12-01,0,1850
"Cement Dangote","Akwa Ibom","Ikot Akara Ikot Ese",2011-12-01,0,1850
"Cement Dangote","Akwa Ibom","Ikot Akpa-Obio",2011-12-01,0,1850
"Cement Dangote","Akwa Ibom","Ikot Imo",2011-12-01,0,1850
"Cement Dangote","Akwa Ibom","Mboke Ekpene Ukim",2011-12-01,0,1850
"Cement Dangote","Akwa Ibom","Mt Zion Church",2011-12-01,0,1850
"Cement Dangote","Akwa Ibom","No 28 Iboko Street",2011-12-01,0,1850
"Cement Dangote","Akwa Ibom","Oron",2011-12-01,0,1850
"Cement Dangote","Akwa Ibom","Primary School",2011-12-01,0,1850
"Cement Dangote","Akwa Ibom","Salvation Army Church",2011-12-01,0,1850
"Cement Dangote","Akwa Ibom","Timber mkt",2011-12-01,0,1850
"Cement Dangote","Akwa Ibom","Ukpabik Akpan",2011-12-01,0,1850
"Cement Dangote","Akwa Ibom","Urva Affiong mkt",2011-12-01,0,1850
"Cement Dangote","Akwa Ibom","Urva Itah",2011-12-01,0,1850
"Cement Dangote","Akwa Ibom","Urva oto mkt",2011-12-01,0,1850
"Cement Dangote","Akwa Ibom","Village Hall",2011-12-01,0,1850
"Cement Dangote","Benue","Gboko",2011-12-01,1,1704.17004394531
"Cement Dangote","Benue","Katsina-Ala",2011-12-01,1,1704.17004394531
"Cement Dangote","Benue","Markudi",2011-12-01,1,1704.17004394531
"Cement Dangote","Benue","Otukpo",2011-12-01,1,1704.17004394531
"Cement Dangote","Benue","Abakwa",2011-12-01,0,1704.17004394531
"Cement Dangote","Benue","Ai-Uja Ipole",2011-12-01,0,1704.17004394531
"Cement Dangote","Benue","Ankyenge mkt",2011-12-01,0,1704.17004394531
"Cement Dangote","Benue","Assemblies Of God Church",2011-12-01,0,1704.17004394531
"Cement Dangote","Benue","Bunaka",2011-12-01,0,1704.17004394531
"Cement Dangote","Benue","Chief Nongo Pilla",2011-12-01,0,1704.17004394531
"Cement Dangote","Benue","Egwuma",2011-12-01,0,1704.17004394531
"Cement Dangote","Benue","Garba Agbatse",2011-12-01,0,1704.17004394531
"Cement Dangote","Benue","Ginde",2011-12-01,0,1704.17004394531
"Cement Dangote","Benue","Ijigban",2011-12-01,0,1704.17004394531
"Cement Dangote","Benue","Ikobi",2011-12-01,0,1704.17004394531
"Cement Dangote","Benue","LGED Pry.Sch.Manyam",2011-12-01,0,1704.17004394531
"Cement Dangote","Benue","LGED Pry.Sch.Tyohembe",2011-12-01,0,1704.17004394531
"Cement Dangote","Benue","Mbaade",2011-12-01,0,1704.17004394531
"Cement Dangote","Benue","Mhambe-Mbanor",2011-12-01,0,1704.17004394531
"Cement Dangote","Benue","Ojaba Idokpo",2011-12-01,0,1704.17004394531
"Cement Dangote","Benue","Otukpa",2011-12-01,0,1704.17004394531
"Cement Dangote","Benue","Samuel Nomwhange",2011-12-01,0,1704.17004394531
"Cement Dangote","Benue","Soom Ortsega",2011-12-01,0,1704.17004394531
"Cement Dangote","Benue","Tomanyin mkt",2011-12-01,0,1704.17004394531
"Cement Dangote","Benue","Tyoate",2011-12-01,0,1704.17004394531
"Cement Dangote","Benue","Ugba mkt",2011-12-01,0,1704.17004394531
"Cement Dangote","Benue","Ukpa",2011-12-01,0,1704.17004394531
"Cement Dangote","Borno","Bama",2011-12-01,1,1866.67004394531
"Cement Dangote","Borno","Gamboru",2011-12-01,1,1866.67004394531
"Cement Dangote","Borno","Maiduguri",2011-12-01,1,1866.67004394531
"Cement Dangote","Borno","Ari Bukar",2011-12-01,0,1866.67004394531
"Cement Dangote","Borno","B.Kauji",2011-12-01,0,1866.67004394531
"Cement Dangote","Borno","B.Muni",2011-12-01,0,1866.67004394531
"Cement Dangote","Borno","B.Musa",2011-12-01,0,1866.67004394531
"Cement Dangote","Borno","B.Sedegu",2011-12-01,0,1866.67004394531
"Cement Dangote","Borno","B.Tujani",2011-12-01,0,1866.67004394531
"Cement Dangote","Borno","Benishekh town",2011-12-01,0,1866.67004394531
"Cement Dangote","Borno","Gajigana",2011-12-01,0,1866.67004394531
"Cement Dangote","Borno","Gala Gana",2011-12-01,0,1866.67004394531
"Cement Dangote","Borno","Gulumba",2011-12-01,0,1866.67004394531
"Cement Dangote","Borno","H.Musa",2011-12-01,0,1866.67004394531
"Cement Dangote","Borno","Husara",2011-12-01,0,1866.67004394531
"Cement Dangote","Borno","Jawullam",2011-12-01,0,1866.67004394531
"Cement Dangote","Borno","Jilbe",2011-12-01,0,1866.67004394531
"Cement Dangote","Borno","Kareto",2011-12-01,0,1866.67004394531
"Cement Dangote","Borno","Kautikari",2011-12-01,0,1866.67004394531
"Cement Dangote","Borno","M.Bukar",2011-12-01,0,1866.67004394531
"Cement Dangote","Borno","M.Maryam",2011-12-01,0,1866.67004394531
"Cement Dangote","Borno","M.Tatabe",2011-12-01,0,1866.67004394531
"Cement Dangote","Borno","Mbulatawiwi",2011-12-01,0,1866.67004394531
"Cement Dangote","Borno","Muna Motor park",2011-12-01,0,1866.67004394531
"Cement Dangote","Borno","Siginabaya",2011-12-01,0,1866.67004394531
"Cement Dangote","Borno","Zaramiri",2011-12-01,0,1866.67004394531
"Cement Dangote","Cross River","Calabar",2011-12-01,1,1683.32995605469
"Cement Dangote","Cross River","Obudu",2011-12-01,1,1683.32995605469
"Cement Dangote","Cross River","Ogoja",2011-12-01,1,1683.32995605469
"Cement Dangote","Cross River","Abasi Obori St",2011-12-01,0,1683.32995605469
"Cement Dangote","Cross River","Abiriba",2011-12-01,0,1683.32995605469
"Cement Dangote","Cross River","Abotai",2011-12-01,0,1683.32995605469
"Cement Dangote","Cross River","Adim",2011-12-01,0,1683.32995605469
"Cement Dangote","Cross River","Bebuagam",2011-12-01,0,1683.32995605469
"Cement Dangote","Cross River","Busim mkt",2011-12-01,0,1683.32995605469
"Cement Dangote","Cross River","Camp 5",2011-12-01,0,1683.32995605469
"Cement Dangote","Cross River","Columbus Owan",2011-12-01,0,1683.32995605469
"Cement Dangote","Cross River","Cooperative Store",2011-12-01,0,1683.32995605469
"Cement Dangote","Cross River","Efut",2011-12-01,0,1683.32995605469
"Cement Dangote","Cross River","Efut mkt",2011-12-01,0,1683.32995605469
"Cement Dangote","Cross River","Ekureku",2011-12-01,0,1683.32995605469
"Cement Dangote","Cross River","Esuk Mba",2011-12-01,0,1683.32995605469
"Cement Dangote","Cross River","Ikom",2011-12-01,0,1683.32995605469
"Cement Dangote","Cross River","Mbora E.Abang Asang St",2011-12-01,0,1683.32995605469
"Cement Dangote","Cross River","Mr.Owan Ogar",2011-12-01,0,1683.32995605469
"Cement Dangote","Cross River","Nfum mkt",2011-12-01,0,1683.32995605469
"Cement Dangote","Cross River","Odot Ndon",2011-12-01,0,1683.32995605469
"Cement Dangote","Cross River","Oduyama",2011-12-01,0,1683.32995605469
"Cement Dangote","Cross River","Ofodua",2011-12-01,0,1683.32995605469
"Cement Dangote","Cross River","Okuku mkt",2011-12-01,0,1683.32995605469
"Cement Dangote","Cross River","Okurike",2011-12-01,0,1683.32995605469
"Cement Dangote","Cross River","Old Ogidi (Ibiaragik",2011-12-01,0,1683.32995605469
"Cement Dangote","Cross River","Otalasi",2011-12-01,0,1683.32995605469
"Cement Dangote","Cross River","Ugbakoko",2011-12-01,0,1683.32995605469
"Cement Dangote","Delta","Asaba",2011-12-01,1,1847.5
"Cement Dangote","Delta","Sapele",2011-12-01,1,1847.5
"Cement Dangote","Delta","Warri",2011-12-01,1,1847.5
"Cement Dangote","Delta","48, Arakpa Rd",2011-12-01,0,1847.5
"Cement Dangote","Delta","Abbraka mkt",2011-12-01,0,1847.5
"Cement Dangote","Delta","Adobu",2011-12-01,0,1847.5
"Cement Dangote","Delta","Afuma St",2011-12-01,0,1847.5
"Cement Dangote","Delta","Agor Jesse",2011-12-01,0,1847.5
"Cement Dangote","Delta","Akpodiete",2011-12-01,0,1847.5
"Cement Dangote","Delta","Aroviwerhen",2011-12-01,0,1847.5
"Cement Dangote","Delta","Burutu",2011-12-01,0,1847.5
"Cement Dangote","Delta","C.M.S School",2011-12-01,0,1847.5
"Cement Dangote","Delta","Chief P.Akaghie",2011-12-01,0,1847.5
"Cement Dangote","Delta","Eke Ashaka mkt",2011-12-01,0,1847.5
"Cement Dangote","Delta","Emevor",2011-12-01,0,1847.5
"Cement Dangote","Delta","Esquire Ikogba",2011-12-01,0,1847.5
"Cement Dangote","Delta","Iloho Ajama",2011-12-01,0,1847.5
"Cement Dangote","Delta","Iregwa Street",2011-12-01,0,1847.5
"Cement Dangote","Delta","Mr Saba",2011-12-01,0,1847.5
"Cement Dangote","Delta","Mr Udemaguna",2011-12-01,0,1847.5
"Cement Dangote","Delta","Okpara Water Side",2011-12-01,0,1847.5
"Cement Dangote","Delta","Owa Alizomo",2011-12-01,0,1847.5
"Cement Dangote","Delta","Pessu mkt",2011-12-01,0,1847.5
"Cement Dangote","Delta","Police Post",2011-12-01,0,1847.5
"Cement Dangote","Delta","Ukunzu",2011-12-01,0,1847.5
"Cement Dangote","Ebonyi","Abakaliki",2011-12-01,1,1822.92004394531
"Cement Dangote","Ebonyi","Abakpa Market",2011-12-01,1,1822.92004394531
"Cement Dangote","Ebonyi","Afikpo",2011-12-01,1,1822.92004394531
"Cement Dangote","Ebonyi","Eke Market",2011-12-01,1,1822.92004394531
"Cement Dangote","Ebonyi","Agubia Health Centre",2011-12-01,0,1822.92004394531
"Cement Dangote","Ebonyi","Amaikeba",2011-12-01,0,1822.92004394531
"Cement Dangote","Ebonyi","Amasiri",2011-12-01,0,1822.92004394531
"Cement Dangote","Ebonyi","Amata Village",2011-12-01,0,1822.92004394531
"Cement Dangote","Ebonyi","Anyagui",2011-12-01,0,1822.92004394531
"Cement Dangote","Ebonyi","Chief Lawrence Aja",2011-12-01,0,1822.92004394531
"Cement Dangote","Ebonyi","Emma Essen Oji Ibiam",2011-12-01,0,1822.92004394531
"Cement Dangote","Ebonyi","Enyibichiri",2011-12-01,0,1822.92004394531
"Cement Dangote","Ebonyi","Ettam Okputumo",2011-12-01,0,1822.92004394531
"Cement Dangote","Ebonyi","Eziga",2011-12-01,0,1822.92004394531
"Cement Dangote","Ebonyi","Ezzama",2011-12-01,0,1822.92004394531
"Cement Dangote","Ebonyi","Idemba",2011-12-01,0,1822.92004394531
"Cement Dangote","Ebonyi","Ishieke mkt Ebonyi LGA",2011-12-01,0,1822.92004394531
"Cement Dangote","Ebonyi","Isiagu",2011-12-01,0,1822.92004394531
"Cement Dangote","Ebonyi","Kpirikpiri mkt Abakaliki LGA",2011-12-01,0,1822.92004394531
"Cement Dangote","Ebonyi","Moses Oko Thomas",2011-12-01,0,1822.92004394531
"Cement Dangote","Ebonyi","Mr.Romanus Okike",2011-12-01,0,1822.92004394531
"Cement Dangote","Ebonyi","Ngamgbo Oda",2011-12-01,0,1822.92004394531
"Cement Dangote","Ebonyi","Ngaragu Uwa",2011-12-01,0,1822.92004394531
"Cement Dangote","Ebonyi","Nwofe Agbaja",2011-12-01,0,1822.92004394531
"Cement Dangote","Ebonyi","Nworie Oputa",2011-12-01,0,1822.92004394531
"Cement Dangote","Ebonyi","Okposi Okwu",2011-12-01,0,1822.92004394531
"Cement Dangote","Ebonyi","St.Michael Catholic Church",2011-12-01,0,1822.92004394531
"Cement Dangote","Edo","Benin",2011-12-01,1,1700
"Cement Dangote","Edo","Ekpoma",2011-12-01,1,1700
"Cement Dangote","Edo","Uromi",2011-12-01,1,1700
"Cement Dangote","Edo","127,New Lagos Road",2011-12-01,0,1700
"Cement Dangote","Edo","227,Uwelu Rd",2011-12-01,0,1700
"Cement Dangote","Edo","Agbede",2011-12-01,0,1700
"Cement Dangote","Edo","Auchi",2011-12-01,0,1700
"Cement Dangote","Edo","Chief Alabi",2011-12-01,0,1700
"Cement Dangote","Edo","Ebvoarhue",2011-12-01,0,1700
"Cement Dangote","Edo","Edo Pharmaceutical",2011-12-01,0,1700
"Cement Dangote","Edo","Egoro",2011-12-01,0,1700
"Cement Dangote","Edo","Eguare Ubiaja",2011-12-01,0,1700
"Cement Dangote","Edo","Ekpedo",2011-12-01,0,1700
"Cement Dangote","Edo","Fugar",2011-12-01,0,1700
"Cement Dangote","Edo","Igieduma",2011-12-01,0,1700
"Cement Dangote","Edo","Ivbearo",2011-12-01,0,1700
"Cement Dangote","Edo","Izedomwen",2011-12-01,0,1700
"Cement Dangote","Edo","James Eliepo",2011-12-01,0,1700
"Cement Dangote","Edo","John Afesumeh",2011-12-01,0,1700
"Cement Dangote","Edo","Malik Jubril",2011-12-01,0,1700
"Cement Dangote","Edo","Obedu",2011-12-01,0,1700
"Cement Dangote","Edo","Uhie",2011-12-01,0,1700
"Cement Dangote","Edo","Urohi",2011-12-01,0,1700
"Cement Dangote","Edo","Uwelu mkt",2011-12-01,0,1700
"Cement Dangote","Ekiti","Ado-Ekiti",2011-12-01,1,1725
"Cement Dangote","Ekiti","Emure",2011-12-01,1,1725
"Cement Dangote","Ekiti","Ikere-Ekiti",2011-12-01,1,1725
"Cement Dangote","Ekiti","Ikole-Ekiti",2011-12-01,1,1725
"Cement Dangote","Ekiti","Afao mkt Ikere lga",2011-12-01,0,1725
"Cement Dangote","Ekiti","C.A.C.Church",2011-12-01,0,1725
"Cement Dangote","Ekiti","Catholic Church",2011-12-01,0,1725
"Cement Dangote","Ekiti","Elegberun Ikere LGA",2011-12-01,0,1725
"Cement Dangote","Ekiti","Idagba mkt Efon lga",2011-12-01,0,1725
"Cement Dangote","Ekiti","Ifisin",2011-12-01,0,1725
"Cement Dangote","Ekiti","Ilokun Camp",2011-12-01,0,1725
"Cement Dangote","Ekiti","Ogotun-Ekiti",2011-12-01,0,1725
"Cement Dangote","Ekiti","Oja Idara Ekiti east LGA",2011-12-01,0,1725
"Cement Dangote","Ekiti","Oja Imayan Moba lga",2011-12-01,0,1725
"Cement Dangote","Ekiti","Oja Itaji Oye lga",2011-12-01,0,1725
"Cement Dangote","Ekiti","Oja Orita mkt Ijero lga",2011-12-01,0,1725
"Cement Dangote","Ekiti","Oke Ijebu mkt Ikole lga",2011-12-01,0,1725
"Cement Dangote","Ekiti","Oke-Isheri",2011-12-01,0,1725
"Cement Dangote","Ekiti","Okejaguns St",2011-12-01,0,1725
"Cement Dangote","Ekiti","Omuologbo St",2011-12-01,0,1725
"Cement Dangote","Enugu","Enugu",2011-12-01,1,1771.09997558594
"Cement Dangote","Enugu","Nsukka",2011-12-01,1,1771.09997558594
"Cement Dangote","Enugu","Obollo",2011-12-01,1,1771.09997558594
"Cement Dangote","Enugu","Orba",2011-12-01,1,1771.09997558594
"Cement Dangote","Enugu","Afor Iwollo - Ezeagu",2011-12-01,0,1771.09997558594
"Cement Dangote","Enugu","Amagunze",2011-12-01,0,1771.09997558594
"Cement Dangote","Enugu","Amanko Inyi Amani",2011-12-01,0,1771.09997558594
"Cement Dangote","Enugu","Egugu-Ezike",2011-12-01,0,1771.09997558594
"Cement Dangote","Enugu","Eke Agbani-Nkanu-w",2011-12-01,0,1771.09997558594
"Cement Dangote","Enugu","Eke Agu mkt",2011-12-01,0,1771.09997558594
"Cement Dangote","Enugu","Eke Ozzi-Igbo-Eze-n",2011-12-01,0,1771.09997558594
"Cement Dangote","Enugu","Ezimo Agu",2011-12-01,0,1771.09997558594
"Cement Dangote","Enugu","Ihuokwpara",2011-12-01,0,1771.09997558594
"Cement Dangote","Enugu","Ikolo",2011-12-01,0,1771.09997558594
"Cement Dangote","Enugu","Imezi-Owa",2011-12-01,0,1771.09997558594
"Cement Dangote","Enugu","Ndiuno Uwani Akpug",2011-12-01,0,1771.09997558594
"Cement Dangote","Enugu","New mkt Enugu",2011-12-01,0,1771.09997558594
"Cement Dangote","Enugu","Nkwo Akpugo - Nkanu-w",2011-12-01,0,1771.09997558594
"Cement Dangote","Enugu","Nkwo Ezeagu-Azeagu",2011-12-01,0,1771.09997558594
"Cement Dangote","Enugu","Nkwo Inyi-Oji River",2011-12-01,0,1771.09997558594
"Cement Dangote","Enugu","Nkwo Ogbede-Igbo-Etiti",2011-12-01,0,1771.09997558594
"Cement Dangote","Enugu","Nkwo-Agu Udi",2011-12-01,0,1771.09997558594
"Cement Dangote","Enugu","Nkwo-Ehamufu-Isi-Uzo",2011-12-01,0,1771.09997558594
"Cement Dangote","Enugu","Oduma",2011-12-01,0,1771.09997558594
"Cement Dangote","Enugu","Orie Awgu-Awgu",2011-12-01,0,1771.09997558594
"Cement Dangote","Enugu","Orie Nenwe - Aninri",2011-12-01,0,1771.09997558594
"Cement Dangote","Enugu","Orie Orba-Udenu",2011-12-01,0,1771.09997558594
"Cement Dangote","Enugu","Umuida",2011-12-01,0,1771.09997558594
"Cement Dangote","FCT","Garki",2011-12-01,1,1725
"Cement Dangote","FCT","Gwagwalada-Abuja",2011-12-01,1,1725
"Cement Dangote","FCT","Karmo-Abuja",2011-12-01,1,1725
"Cement Dangote","FCT","Kubwa",2011-12-01,1,1725
"Cement Dangote","FCT","Wuse",2011-12-01,1,1725
"Cement Dangote","FCT","Wuse-Abuja",2011-12-01,1,1725
"Cement Dangote","FCT","Abaji market",2011-12-01,0,1725
"Cement Dangote","FCT","Abaji-Abuja",2011-12-01,0,1725
"Cement Dangote","FCT","Bwari",2011-12-01,0,1725
"Cement Dangote","FCT","Dafa",2011-12-01,0,1725
"Cement Dangote","FCT","Gwagwa",2011-12-01,0,1725
"Cement Dangote","FCT","Kuje Gudun karva mkt",2011-12-01,0,1725
"Cement Dangote","FCT","Kuje kujekwa mkt",2011-12-01,0,1725
"Cement Dangote","FCT","Kwali market",2011-12-01,0,1725
"Cement Dangote","FCT","Kwali shafair mkt",2011-12-01,0,1725
"Cement Dangote","FCT","Mpape",2011-12-01,0,1725
"Cement Dangote","Gombe","Gombe",2011-12-01,1,1945.8349609375
"Cement Dangote","Gombe","Kaltungo",2011-12-01,1,1945.8349609375
"Cement Dangote","Gombe","Kumo",2011-12-01,1,1945.8349609375
"Cement Dangote","Gombe","Allugel",2011-12-01,0,1945.8349609375
"Cement Dangote","Gombe","Bayan Dutse",2011-12-01,0,1945.8349609375
"Cement Dangote","Gombe","Burak",2011-12-01,0,1945.8349609375
"Cement Dangote","Gombe","Bwane",2011-12-01,0,1945.8349609375
"Cement Dangote","Gombe","Cham",2011-12-01,0,1945.8349609375
"Cement Dangote","Gombe","Dasa",2011-12-01,0,1945.8349609375
"Cement Dangote","Gombe","G.Hammasayo",2011-12-01,0,1945.8349609375
"Cement Dangote","Gombe","Gadum",2011-12-01,0,1945.8349609375
"Cement Dangote","Gombe","Goat and Sheep mkt Gombe LGA",2011-12-01,0,1945.8349609375
"Cement Dangote","Gombe","Jauro Moh'd",2011-12-01,0,1945.8349609375
"Cement Dangote","Gombe","Jauroyel",2011-12-01,0,1945.8349609375
"Cement Dangote","Gombe","Kembu",2011-12-01,0,1945.8349609375
"Cement Dangote","Gombe","Kuigui",2011-12-01,0,1945.8349609375
"Cement Dangote","Gombe","Kumo Grains mkt Akko LGA",2011-12-01,0,1945.8349609375
"Cement Dangote","Gombe","Kurugu",2011-12-01,0,1945.8349609375
"Cement Dangote","Gombe","Kwodom",2011-12-01,0,1945.8349609375
"Cement Dangote","Gombe","Pantami J. Baba",2011-12-01,0,1945.8349609375
"Cement Dangote","Gombe","Tundunwada mkt Gombe lga",2011-12-01,0,1945.8349609375
"Cement Dangote","Gombe","Ugn.Tunga",2011-12-01,0,1945.8349609375
"Cement Dangote","Gombe","Ung.A.Galadima",2011-12-01,0,1945.8349609375
"Cement Dangote","Gombe","Ung.Madaki",2011-12-01,0,1945.8349609375
"Cement Dangote","Imo","Eke Owerri",2011-12-01,1,1842.21398925781
"Cement Dangote","Imo","New Market",2011-12-01,1,1842.21398925781
"Cement Dangote","Imo","Okigwe",2011-12-01,1,1842.21398925781
"Cement Dangote","Imo","Okigwe Urban",2011-12-01,1,1771.09997558594
"Cement Dangote","Imo","Relief Market",2011-12-01,1,1842.21398925781
"Cement Dangote","Imo","Umuoronjo",2011-12-01,1,1842.21398925781
"Cement Dangote","Imo","Abajah",2011-12-01,0,1842.21398925781
"Cement Dangote","Imo","Alex Ugbor",2011-12-01,0,1842.21398925781
"Cement Dangote","Imo","Boys Hostel",2011-12-01,0,1842.21398925781
"Cement Dangote","Imo","Cletus Duru",2011-12-01,0,1842.21398925781
"Cement Dangote","Imo","Com.Sch. Ndinoka",2011-12-01,0,1842.21398925781
"Cement Dangote","Imo","Ejekwu Aku",2011-12-01,0,1842.21398925781
"Cement Dangote","Imo","Emii",2011-12-01,0,1842.21398925781
"Cement Dangote","Imo","Godfrey Adinu",2011-12-01,0,1842.21398925781
"Cement Dangote","Imo","Iaiokpo",2011-12-01,0,1842.21398925781
"Cement Dangote","Imo","Ifekala",2011-12-01,0,1842.21398925781
"Cement Dangote","Imo","Ignatus Ukatta",2011-12-01,0,1842.21398925781
"Cement Dangote","Imo","Itu",2011-12-01,0,1842.21398925781
"Cement Dangote","Imo","Mr.Paulinus Chukwuma",2011-12-01,0,1842.21398925781
"Cement Dangote","Imo","Oguta",2011-12-01,0,1842.21398925781
"Cement Dangote","Imo","Ogwumabiri",2011-12-01,0,1842.21398925781
"Cement Dangote","Imo","Owerri",2011-12-01,0,1842.21398925781
"Cement Dangote","Imo","Primary Sch.Mkwesi",2011-12-01,0,1842.21398925781
"Cement Dangote","Imo","St. Peters Anglican Church",2011-12-01,0,1842.21398925781
"Cement Dangote","Imo","Town Sch. Amauzeri",2011-12-01,0,1842.21398925781
"Cement Dangote","Imo","Umu Okpara",2011-12-01,0,1842.21398925781
"Cement Dangote","Imo","Umuaririogu",2011-12-01,0,1842.21398925781
"Cement Dangote","Imo","Umudinka Hall",2011-12-01,0,1842.21398925781
"Cement Dangote","Imo","Umueze Ala Owerre",2011-12-01,0,1842.21398925781
"Cement Dangote","Imo","Umunkwo Isiala",2011-12-01,0,1842.21398925781
"Cement Dangote","Imo","Umusasa",2011-12-01,0,1842.21398925781
"Cement Dangote","Jigawa","Birnin Kudu",2011-12-01,1,1815
"Cement Dangote","Jigawa","Dutse",2011-12-01,1,1815
"Cement Dangote","Jigawa","Kazaure",2011-12-01,1,1815
"Cement Dangote","Jigawa","Amaryawa",2011-12-01,0,1815
"Cement Dangote","Jigawa","Bafuriya",2011-12-01,0,1815
"Cement Dangote","Jigawa","Bardo Gabas",2011-12-01,0,1815
"Cement Dangote","Jigawa","Busuru",2011-12-01,0,1815
"Cement Dangote","Jigawa","Dangyatm",2011-12-01,0,1815
"Cement Dangote","Jigawa","Dankama",2011-12-01,0,1815
"Cement Dangote","Jigawa","Dina Cikin Gari",2011-12-01,0,1815
"Cement Dangote","Jigawa","Farin Dutse",2011-12-01,0,1815
"Cement Dangote","Jigawa","Gidan Adana",2011-12-01,0,1815
"Cement Dangote","Jigawa","Guri",2011-12-01,0,1815
"Cement Dangote","Jigawa","Hadejia",2011-12-01,0,1815
"Cement Dangote","Jigawa","Jabo",2011-12-01,0,1815
"Cement Dangote","Jigawa","Kangarwa",2011-12-01,0,1815
"Cement Dangote","Jigawa","Kila Gwaram",2011-12-01,0,1815
"Cement Dangote","Jigawa","Kudai",2011-12-01,0,1815
"Cement Dangote","Jigawa","M.Sule Iiaki",2011-12-01,0,1815
"Cement Dangote","Jigawa","Makeri Alh Bako",2011-12-01,0,1815
"Cement Dangote","Jigawa","Shawara Adamu",2011-12-01,0,1815
"Cement Dangote","Jigawa","Tabaris",2011-12-01,0,1815
"Cement Dangote","Jigawa","Tarewa Fulani",2011-12-01,0,1815
"Cement Dangote","Jigawa","Tukuda",2011-12-01,0,1815
"Cement Dangote","Jigawa","Ung.Tsangaya",2011-12-01,0,1815
"Cement Dangote","Jigawa","Unguwar Kaina",2011-12-01,0,1815
"Cement Dangote","Kwara","Ilorin",2011-12-01,1,1770.18994140625
"Cement Dangote","Kwara","Jebba",2011-12-01,1,1770.18994140625
"Cement Dangote","Kwara","Offa",2011-12-01,1,1770.18994140625
"Cement Dangote","Kwara","Pategi",2011-12-01,1,1770.18994140625
"Cement Dangote","Kwara","Abdul-Rasaki",2011-12-01,0,1770.18994140625
"Cement Dangote","Kwara","Agbabiaka",2011-12-01,0,1770.18994140625
"Cement Dangote","Kwara","Agbee",2011-12-01,0,1770.18994140625
"Cement Dangote","Kwara","Alapa",2011-12-01,0,1770.18994140625
"Cement Dangote","Kwara","Amodu",2011-12-01,0,1770.18994140625
"Cement Dangote","Kwara","Bodo-Ologbo Otte",2011-12-01,0,1770.18994140625
"Cement Dangote","Kwara","Budo Gambe",2011-12-01,0,1770.18994140625
"Cement Dangote","Kwara","Chikanda",2011-12-01,0,1770.18994140625
"Cement Dangote","Kwara","Dzara",2011-12-01,0,1770.18994140625
"Cement Dangote","Kwara","Eleyin",2011-12-01,0,1770.18994140625
"Cement Dangote","Kwara","Iji-Isin",2011-12-01,0,1770.18994140625
"Cement Dangote","Kwara","Ile Apa",2011-12-01,0,1770.18994140625
"Cement Dangote","Kwara","Ilofa-Odo owa mkt",2011-12-01,0,1770.18994140625
"Cement Dangote","Kwara","Isonga mkt",2011-12-01,0,1770.18994140625
"Cement Dangote","Kwara","Kaima",2011-12-01,0,1770.18994140625
"Cement Dangote","Kwara","Kankatu mkt",2011-12-01,0,1770.18994140625
"Cement Dangote","Kwara","Mohammed Mohammed",2011-12-01,0,1770.18994140625
"Cement Dangote","Kwara","Nepa Office",2011-12-01,0,1770.18994140625
"Cement Dangote","Kwara","Oro-Ogo",2011-12-01,0,1770.18994140625
"Cement Dangote","Kwara","Panada",2011-12-01,0,1770.18994140625
"Cement Dangote","Kwara","Samuel Awoleye",2011-12-01,0,1770.18994140625
"Cement Dangote","Kwara","Shao",2011-12-01,0,1770.18994140625
"Cement Dangote","Kwara","Woziri Ndajiya",2011-12-01,0,1770.18994140625
"Cement Dangote","Lagos","Agege",2011-12-01,1,1853.70336914062
"Cement Dangote","Lagos","Ayetoro - Epe",2011-12-01,1,1853.70336914062
"Cement Dangote","Lagos","Iworo- Ikorodu",2011-12-01,1,1853.70336914062
"Cement Dangote","Lagos","Adeniyi mushin lga",2011-12-01,0,1853.70336914062
"Cement Dangote","Lagos","Agbalata-Badagary",2011-12-01,0,1853.70336914062
"Cement Dangote","Lagos","Akinola mkt Apapa LGA",2011-12-01,0,1853.70336914062
"Cement Dangote","Lagos","Alapere plank mkt Kosofe lga",2011-12-01,0,1853.70336914062
"Cement Dangote","Lagos","Anikantamo",2011-12-01,0,1853.70336914062
"Cement Dangote","Lagos","Apapa",2011-12-01,0,1853.70336914062
"Cement Dangote","Lagos","Binupo Badagry lga",2011-12-01,0,1853.70336914062
"Cement Dangote","Lagos","Bonbata mkt Lagos Island lga",2011-12-01,0,1853.70336914062
"Cement Dangote","Lagos","Dopemu",2011-12-01,0,1853.70336914062
"Cement Dangote","Lagos","Ereko",2011-12-01,0,1853.70336914062
"Cement Dangote","Lagos","Hundeyin-Badagary",2011-12-01,0,1853.70336914062
"Cement Dangote","Lagos","Ijede-Ikorodu",2011-12-01,0,1853.70336914062
"Cement Dangote","Lagos","Ikeja",2011-12-01,0,1853.70336914062
"Cement Dangote","Lagos","Ikoga-Badagary",2011-12-01,0,1853.70336914062
"Cement Dangote","Lagos","Ikosi",2011-12-01,0,1853.70336914062
"Cement Dangote","Lagos","Jankara/Idumota",2011-12-01,0,1853.70336914062
"Cement Dangote","Lagos","Katangua mkt Alimosho lga",2011-12-01,0,1853.70336914062
"Cement Dangote","Lagos","Kusumu Aguda plank Surulere lga",2011-12-01,0,1853.70336914062
"Cement Dangote","Lagos","Lagos Island",2011-12-01,0,1853.70336914062
"Cement Dangote","Lagos","Mojoda-Epe",2011-12-01,0,1853.70336914062
"Cement Dangote","Lagos","Oja-Oba-Ketu",2011-12-01,0,1853.70336914062
"Cement Dangote","Lagos","Olubode-Onifade",2011-12-01,0,1853.70336914062
"Cement Dangote","Lagos","Onifade mkt Agege lga",2011-12-01,0,1853.70336914062
"Cement Dangote","Lagos","Oshodi",2011-12-01,0,1853.70336914062
"Cement Dangote","Lagos","Oyadiran mkt mainland lga",2011-12-01,0,1853.70336914062
"Cement Dangote","Lagos","Sangrouse",2011-12-01,0,1853.70336914062
"Cement Dangote","Lagos","Second gate mkt Etiosa lga",2011-12-01,0,1853.70336914062
"Cement Dangote","Lagos","sawmill mkt Ikorodu lga",2011-12-01,0,1853.70336914062
"Cement Dangote","Nasarawa","Akwanga",2011-12-01,1,1717.85998535156
"Cement Dangote","Nasarawa","Lafia",2011-12-01,1,1717.85998535156
"Cement Dangote","Nasarawa","ANG Ayaba",2011-12-01,0,1717.85998535156
"Cement Dangote","Nasarawa","ANG Chiroma",2011-12-01,0,1717.85998535156
"Cement Dangote","Nasarawa","ANG. Mala Isa",2011-12-01,0,1717.85998535156
"Cement Dangote","Nasarawa","Aiagye",2011-12-01,0,1717.85998535156
"Cement Dangote","Nasarawa","Akwanga mkt Akwanga LGA",2011-12-01,0,1717.85998535156
"Cement Dangote","Nasarawa","Angwan zaria",2011-12-01,0,1717.85998535156
"Cement Dangote","Nasarawa","Azare",2011-12-01,0,1717.85998535156
"Cement Dangote","Nasarawa","Aziki Agege",2011-12-01,0,1717.85998535156
"Cement Dangote","Nasarawa","C A C",2011-12-01,0,1717.85998535156
"Cement Dangote","Nasarawa","Central Mosque",2011-12-01,0,1717.85998535156
"Cement Dangote","Nasarawa","Complex mkt Keffi LGA",2011-12-01,0,1717.85998535156
"Cement Dangote","Nasarawa","Daji",2011-12-01,0,1717.85998535156
"Cement Dangote","Nasarawa","G. Adama",2011-12-01,0,1717.85998535156
"Cement Dangote","Nasarawa","Keana",2011-12-01,0,1717.85998535156
"Cement Dangote","Nasarawa","Keffi",2011-12-01,0,1717.85998535156
"Cement Dangote","Nasarawa","Mada Station",2011-12-01,0,1717.85998535156
"Cement Dangote","Nasarawa","Mai Akuya",2011-12-01,0,1717.85998535156
"Cement Dangote","Nasarawa","Maraba",2011-12-01,0,1717.85998535156
"Cement Dangote","Nasarawa","Mararaba mkt Nassarawa LGA",2011-12-01,0,1717.85998535156
"Cement Dangote","Nasarawa","Masara mkt  Karu LGA",2011-12-01,0,1717.85998535156
"Cement Dangote","Nasarawa","Oliapa",2011-12-01,0,1717.85998535156
"Cement Dangote","Nasarawa","kwara",2011-12-01,0,1717.85998535156
"Cement Dangote","Niger","Bida",2011-12-01,1,1750
"Cement Dangote","Niger","Kontagora",2011-12-01,1,1750
"Cement Dangote","Niger","Minna",2011-12-01,1,1750
"Cement Dangote","Niger","Suleja",2011-12-01,1,1750
"Cement Dangote","Niger","Agaie",2011-12-01,0,1750
"Cement Dangote","Niger","Alawa",2011-12-01,0,1750
"Cement Dangote","Niger","Beji",2011-12-01,0,1750
"Cement Dangote","Niger","Chinbi",2011-12-01,0,1750
"Cement Dangote","Niger","Dabba",2011-12-01,0,1750
"Cement Dangote","Niger","Doko",2011-12-01,0,1750
"Cement Dangote","Niger","Enagi",2011-12-01,0,1750
"Cement Dangote","Niger","Evuti",2011-12-01,0,1750
"Cement Dangote","Niger","Gurai",2011-12-01,0,1750
"Cement Dangote","Niger","Gwari",2011-12-01,0,1750
"Cement Dangote","Niger","Indage",2011-12-01,0,1750
"Cement Dangote","Niger","Kaffin-Koro",2011-12-01,0,1750
"Cement Dangote","Niger","Kate-erigi",2011-12-01,0,1750
"Cement Dangote","Niger","Kokoli",2011-12-01,0,1750
"Cement Dangote","Niger","Koso Yaba",2011-12-01,0,1750
"Cement Dangote","Niger","Kuta",2011-12-01,0,1750
"Cement Dangote","Niger","Lambata",2011-12-01,0,1750
"Cement Dangote","Niger","Mariga",2011-12-01,0,1750
"Cement Dangote","Niger","Mokwa",2011-12-01,0,1750
"Cement Dangote","Niger","Paiko",2011-12-01,0,1750
"Cement Dangote","Niger","Rijau",2011-12-01,0,1750
"Cement Dangote","Niger","Sabon Pegi",2011-12-01,0,1750
"Cement Dangote","Ondo","Akure",2011-12-01,1,1774.666015625
"Cement Dangote","Ondo","Okitipupa",2011-12-01,1,1774.666015625
"Cement Dangote","Ondo","Ondo",2011-12-01,1,1774.666015625
"Cement Dangote","Ondo","AUD Pry School",2011-12-01,0,1774.666015625
"Cement Dangote","Ondo","Ago Alhaji",2011-12-01,0,1774.666015625
"Cement Dangote","Ondo","Ajoke",2011-12-01,0,1774.666015625
"Cement Dangote","Ondo","Ala-Elefosan",2011-12-01,0,1774.666015625
"Cement Dangote","Ondo","Bagbe",2011-12-01,0,1774.666015625
"Cement Dangote","Ondo","Bamikemo Iyansan",2011-12-01,0,1774.666015625
"Cement Dangote","Ondo","Chief Obayomi",2011-12-01,0,1774.666015625
"Cement Dangote","Ondo","Deeper Life",2011-12-01,0,1774.666015625
"Cement Dangote","Ondo","Elebute",2011-12-01,0,1774.666015625
"Cement Dangote","Ondo","Igbatoro",2011-12-01,0,1774.666015625
"Cement Dangote","Ondo","Igbekebo",2011-12-01,0,1774.666015625
"Cement Dangote","Ondo","Igburowo",2011-12-01,0,1774.666015625
"Cement Dangote","Ondo","Imo",2011-12-01,0,1774.666015625
"Cement Dangote","Ondo","Iyansan",2011-12-01,0,1774.666015625
"Cement Dangote","Ondo","Komowa",2011-12-01,0,1774.666015625
"Cement Dangote","Ondo","Oja-Ikota",2011-12-01,0,1774.666015625
"Cement Dangote","Ondo","Okore",2011-12-01,0,1774.666015625
"Cement Dangote","Ondo","Olatunji Close",2011-12-01,0,1774.666015625
"Cement Dangote","Ondo","Olota Camp",2011-12-01,0,1774.666015625
"Cement Dangote","Ondo","Oloto",2011-12-01,0,1774.666015625
"Cement Dangote","Ondo","Owo",2011-12-01,0,1774.666015625
"Cement Dangote","Ondo","Ugbonla",2011-12-01,0,1774.666015625
"Cement Dangote","Osun","Ile-Ife",2011-12-01,1,1756.25
"Cement Dangote","Osun","Ilesha",2011-12-01,1,1756.25
"Cement Dangote","Osun","Oshogbo",2011-12-01,1,1756.25
"Cement Dangote","Osun","Aba Alfa",2011-12-01,0,1756.25
"Cement Dangote","Osun","Adeleke",2011-12-01,0,1756.25
"Cement Dangote","Osun","Adeyemi Imsa Stat Rd",2011-12-01,0,1756.25
"Cement Dangote","Osun","Alh.Sheu Owoyemi",2011-12-01,0,1756.25
"Cement Dangote","Osun","Braimoh Mosunmolu",2011-12-01,0,1756.25
"Cement Dangote","Osun","D.A Isaac Odeniyi",2011-12-01,0,1756.25
"Cement Dangote","Osun","Ebere mkt Ede North LGA",2011-12-01,0,1756.25
"Cement Dangote","Osun","Erin Oke mkt Oriade LGA",2011-12-01,0,1756.25
"Cement Dangote","Osun","Ifofin mkt Ilesha East LGA",2011-12-01,0,1756.25
"Cement Dangote","Osun","Ifon Ilobu Mkt Irepodun LGA",2011-12-01,0,1756.25
"Cement Dangote","Osun","Ifon Oja Oba mkt Orolu LGA",2011-12-01,0,1756.25
"Cement Dangote","Osun","Ikirun Mkt",2011-12-01,0,1756.25
"Cement Dangote","Osun","Masifa",2011-12-01,0,1756.25
"Cement Dangote","Osun","Obajoko",2011-12-01,0,1756.25
"Cement Dangote","Osun","Obodi mkt Atakumosa west",2011-12-01,0,1756.25
"Cement Dangote","Osun","Oja Oba Mkt",2011-12-01,0,1756.25
"Cement Dangote","Osun","Price Adedoye",2011-12-01,0,1756.25
"Cement Dangote","Osun","St Paul Church",2011-12-01,0,1756.25
"Cement Dangote","Osun","Taimiya Sumowu",2011-12-01,0,1756.25
"Cement Dangote","Osun","Yekemi via Ile-Ife",2011-12-01,0,1756.25
"Cement Dangote","Rivers","Ahoada",2011-12-01,1,1775
"Cement Dangote","Rivers","Bonny",2011-12-01,1,1775
"Cement Dangote","Rivers","Bori",2011-12-01,1,1775
"Cement Dangote","Rivers","Degema",2011-12-01,1,1775
"Cement Dangote","Rivers","Ajegunle mkt Bonny lga",2011-12-01,0,1775
"Cement Dangote","Rivers","Apostolic Church",2011-12-01,0,1775
"Cement Dangote","Rivers","Baptist Church",2011-12-01,0,1775
"Cement Dangote","Rivers","Biara",2011-12-01,0,1775
"Cement Dangote","Rivers","Bolo mkt",2011-12-01,0,1775
"Cement Dangote","Rivers","Community Primary School",2011-12-01,0,1775
"Cement Dangote","Rivers","Elelenwo mkt",2011-12-01,0,1775
"Cement Dangote","Rivers","Elibrada Emohua",2011-12-01,0,1775
"Cement Dangote","Rivers","Iborokpom",2011-12-01,0,1775
"Cement Dangote","Rivers","Joel Wosu",2011-12-01,0,1775
"Cement Dangote","Rivers","Mbiama mkt Ahoada West lga",2011-12-01,0,1775
"Cement Dangote","Rivers","Micheal Aka",2011-12-01,0,1775
"Cement Dangote","Rivers","Nabo Graham Douglas",2011-12-01,0,1775
"Cement Dangote","Rivers","New Apostolic Church",2011-12-01,0,1775
"Cement Dangote","Rivers","Ogowokom mkt Abua/Odual lga",2011-12-01,0,1775
"Cement Dangote","Rivers","Oyigbo mkt Oyigbo Lga",2011-12-01,0,1775
"Cement Dangote","Rivers","Port-Harcourt",2011-12-01,0,1775
"Cement Dangote","Rivers","S.D.A Church",2011-12-01,0,1775
"Cement Dangote","Rivers","SNR NCO Qrts",2011-12-01,0,1775
"Cement Dangote","Rivers","State School",2011-12-01,0,1775
"Cement Dangote","Rivers","Thompson",2011-12-01,0,1775
"Cement Dangote","Rivers","Ulie Okumfor mkt Degema lga",2011-12-01,0,1775
"Cement Dangote","Rivers","Umugwocha Ozuzu",2011-12-01,0,1775
"Cement Dangote","Rivers","Umuosi",2011-12-01,0,1775
