"cpi","statelabel","sectorlabel","centrelabel","date","vol_moving","ranks"
"Cement Dangote","Anambra","Rural","Agulu",2012-06-01,4.22726249694824,NA
"Cement Dangote","Anambra","Urban","Akwa",2011-12-01,6.67392301559448,NA
"Cement Dangote","Anambra","Urban","Akwa",2012-06-01,4.22726249694824,NA
"Cement Dangote","Anambra","Rural","Amesi",2012-06-01,4.22726249694824,NA
"Cement Dangote","Anambra","Rural","Amogwugwu",2012-06-01,4.22726249694824,NA
"Cement Dangote","Anambra","Urban","Awka",2011-12-01,6.67392301559448,NA
"Cement Dangote","Anambra","Urban","Awka",2012-06-01,4.22726249694824,NA
"Cement Dangote","Anambra","Rural","Continental Bank",2012-06-01,4.22726249694824,NA
"Cement Dangote","Anambra","Rural","Ebede Ogbu",2012-06-01,4.22726249694824,NA
"Cement Dangote","Anambra","Rural","Isseke",2012-06-01,4.22726249694824,NA
"Cement Dangote","Anambra","Rural","John Okeke",2012-06-01,4.22726249694824,NA
"Cement Dangote","Anambra","Rural","Naobi",2012-06-01,4.22726249694824,NA
"Cement Dangote","Anambra","Rural","New type mkt",2012-06-01,4.22726249694824,NA
"Cement Dangote","Anambra","Rural","Ngene Hall",2012-06-01,4.22726249694824,NA
"Cement Dangote","Anambra","Rural","Nkwele",2012-06-01,4.22726249694824,NA
"Cement Dangote","Anambra","Rural","Nkwo Nkiokpaleke",2012-06-01,4.22726249694824,NA
"Cement Dangote","Anambra","Urban","Nnewi",2011-12-01,6.67392301559448,NA
"Cement Dangote","Anambra","Urban","Nnewi",2012-06-01,4.22726249694824,NA
"Cement Dangote","Anambra","Rural","Nwafia Umumegbu",2012-06-01,4.22726249694824,NA
"Cement Dangote","Anambra","Rural","Obikpa",2012-06-01,4.22726249694824,NA
"Cement Dangote","Anambra","Rural","Okoli Ezenwa",2012-06-01,4.22726249694824,NA
"Cement Dangote","Anambra","Rural","Okpoko",2012-06-01,4.22726249694824,NA
"Cement Dangote","Anambra","Urban","Onitsha",2011-12-01,6.67392301559448,NA
"Cement Dangote","Anambra","Urban","Onitsha",2012-06-01,4.22726249694824,NA
"Cement Dangote","Anambra","Rural","Ozomagana mkt",2012-06-01,4.22726249694824,NA
"Cement Dangote","Anambra","Rural","Patrick Nkachukwu",2012-06-01,4.22726249694824,NA
"Cement Dangote","Anambra","Rural","Samuel Anolue",2012-06-01,4.22726249694824,NA
"Cement Dangote","Anambra","Rural","Sylvester Asiegbu",2012-06-01,4.22726249694824,NA
"Cement Dangote","Anambra","Rural","Umuaraba Center",2012-06-01,4.22726249694824,NA
"Cement Dangote","Anambra","Rural","Umuomu Anam",2012-06-01,4.22726249694824,NA
"Cement Dangote","Anambra","Rural","Urum",2012-06-01,4.22726249694824,NA
"Cement Dangote","Anambra","Rural","Zanda Anadi",2012-06-01,4.22726249694824,NA
"Cement Dangote","Bauchi","Rural","Kagadama Tafawa Bale",2009-12-01,0,NA
"Cement Dangote","Bauchi","Rural","Kagadama Tafawa Bale",2010-06-01,0,NA
"Cement Dangote","Bayelsa","Rural","Achibowe/Omonibo",2012-12-01,1.15823030471802,NA
"Cement Dangote","Bayelsa","Rural","Agric Qtrs",2012-12-01,1.15823030471802,NA
"Cement Dangote","Bayelsa","Rural","Akenfa Roadside Yenegoa lga",2012-12-01,1.15823030471802,NA
"Cement Dangote","Bayelsa","Rural","Ayama mkt Ekeremo lga",2012-12-01,1.15823030471802,NA
"Cement Dangote","Bayelsa","Rural","Camp I",2012-12-01,1.15823030471802,NA
"Cement Dangote","Bayelsa","Rural","Egwema",2012-12-01,1.15823030471802,NA
"Cement Dangote","Bayelsa","Rural","Elebele",2012-12-01,1.15823030471802,NA
"Cement Dangote","Bayelsa","Rural","Furupa",2012-12-01,1.15823030471802,NA
"Cement Dangote","Bayelsa","Urban","Nembe",2012-12-01,1.15823030471802,NA
"Cement Dangote","Bayelsa","Rural","Obirigbene",2012-12-01,1.15823030471802,NA
"Cement Dangote","Bayelsa","Rural","Oborigbi-Kiri",2012-12-01,1.15823030471802,NA
"Cement Dangote","Bayelsa","Rural","Odi",2012-12-01,1.15823030471802,NA
"Cement Dangote","Bayelsa","Rural","Ofoni",2012-12-01,1.15823030471802,NA
"Cement Dangote","Bayelsa","Rural","Olatubu",2012-12-01,1.15823030471802,NA
"Cement Dangote","Bayelsa","Rural","Olokpobiri",2012-12-01,1.15823030471802,NA
"Cement Dangote","Bayelsa","Rural","Osagbama mkt Sagbama lga",2012-12-01,1.15823030471802,NA
"Cement Dangote","Bayelsa","Rural","Otuasega",2012-12-01,1.15823030471802,NA
"Cement Dangote","Bayelsa","Rural","Sounkiri",2012-12-01,1.15823030471802,NA
"Cement Dangote","Bayelsa","Urban","Yenogoa-Amaiata",2012-12-01,1.15823030471802,NA
"Cement Dangote","Bayelsa","Urban","Yenogoa-Ekki",2012-12-01,1.15823030471802,NA
"Cement Dangote","Bayelsa","Urban","Yenogoa-Mbiama",2012-12-01,1.15823030471802,NA
"Cement Dangote","Bayelsa","Urban","Yenogoa",2012-12-01,1.15823030471802,NA
"Cement Dangote","Borno","Rural","B.Musa",2009-12-01,0,NA
"Cement Dangote","Enugu","Rural","Ndiuno Uwani Akpug",2009-12-01,0,NA
"Cement Dangote","Gombe","Rural","G.Hammasayo",2009-12-01,0,NA
"Cement Dangote","Gombe","Urban","Gombe",2011-06-01,4.32240152359009,NA
"Cement Dangote","Gombe","Urban","Kaltungo",2011-06-01,4.32240152359009,NA
"Cement Dangote","Gombe","Urban","Kumo",2011-06-01,4.32240152359009,NA
"Cement Dangote","Jigawa","Urban","Birnin Kudu",2009-12-01,0,NA
"Cement Dangote","Jigawa","Rural","Unguwar Kaina",2009-12-01,0,NA
"Cement Dangote","Katsina","Urban","Daura",2009-12-01,0,NA
"Cement Dangote","Katsina","Urban","Katsina",2009-12-01,0,NA
"Cement Dangote","Oyo","Rural","Wayside Hotel",2010-12-01,1.0745438337326,NA
"Cement Dangote","Plateau","Rural","Cocin Tanjol",2009-12-01,0,NA
"Cement Dangote","Sokoto","Rural","Tangaza",2009-12-01,0,NA
"Cement Dangote","Yobe","Urban","Potiskum",2009-12-01,0,NA
"Drink Swan Water Bottle","Adamawa","Rural","Bakin Kasuwa",2011-12-01,3.75441122055054,NA
"Drink Swan Water Bottle","Adamawa","Rural","Bakin Kasuwa",2012-06-01,4.76740741729736,NA
"Drink Swan Water Bottle","Adamawa","Rural","Belel",2011-12-01,3.75441122055054,NA
"Drink Swan Water Bottle","Adamawa","Rural","Belel",2012-06-01,4.76740741729736,NA
"Drink Swan Water Bottle","Adamawa","Rural","Biyama Hospital",2011-12-01,3.75441122055054,NA
"Drink Swan Water Bottle","Adamawa","Rural","Biyama Hospital",2012-06-01,4.76740741729736,NA
"Drink Swan Water Bottle","Adamawa","Rural","Central Mosque",2011-12-01,3.75441122055054,NA
"Drink Swan Water Bottle","Adamawa","Rural","Central Mosque",2012-06-01,4.76740741729736,NA
"Drink Swan Water Bottle","Adamawa","Rural","Company",2011-12-01,3.75441122055054,NA
"Drink Swan Water Bottle","Adamawa","Rural","Company",2012-06-01,4.76740741729736,NA
"Drink Swan Water Bottle","Adamawa","Rural","Dumne",2011-12-01,3.75441122055054,NA
"Drink Swan Water Bottle","Adamawa","Rural","Dumne",2012-06-01,4.76740741729736,NA
"Drink Swan Water Bottle","Adamawa","Rural","Dutsen Maka",2011-12-01,3.75441122055054,NA
"Drink Swan Water Bottle","Adamawa","Rural","Dutsen Maka",2012-06-01,4.76740741729736,NA
"Drink Swan Water Bottle","Adamawa","Rural","Ganye old mkt",2011-12-01,3.75441122055054,NA
"Drink Swan Water Bottle","Adamawa","Rural","Ganye old mkt",2012-06-01,4.76740741729736,NA
"Drink Swan Water Bottle","Adamawa","Rural","Ganye",2012-06-01,4.76740741729736,NA
"Drink Swan Water Bottle","Adamawa","Rural","Gulak",2011-12-01,3.75441122055054,NA
"Drink Swan Water Bottle","Adamawa","Rural","Gulak",2012-06-01,4.76740741729736,NA
"Drink Swan Water Bottle","Adamawa","Rural","Gurin",2011-12-01,3.75441122055054,NA
"Drink Swan Water Bottle","Adamawa","Rural","Gurin",2012-06-01,4.76740741729736,NA
"Drink Swan Water Bottle","Adamawa","Rural","J.B.Manga",2011-12-01,3.75441122055054,NA
"Drink Swan Water Bottle","Adamawa","Rural","J.B.Manga",2012-06-01,4.76740741729736,NA
"Drink Swan Water Bottle","Adamawa","Rural","Jada mkt",2011-12-01,3.75441122055054,NA
"Drink Swan Water Bottle","Adamawa","Rural","Jada mkt",2012-06-01,4.76740741729736,NA
"Drink Swan Water Bottle","Adamawa","Rural","LEFEN",2011-12-01,3.75441122055054,NA
"Drink Swan Water Bottle","Adamawa","Rural","LEFEN",2012-06-01,4.76740741729736,NA
"Drink Swan Water Bottle","Adamawa","Rural","Malamre",2011-12-01,3.75441122055054,NA
"Drink Swan Water Bottle","Adamawa","Rural","Malamre",2012-06-01,4.76740741729736,NA
"Drink Swan Water Bottle","Adamawa","Rural","Moyo-Wafango",2011-12-01,3.75441122055054,NA
"Drink Swan Water Bottle","Adamawa","Rural","Moyo-Wafango",2012-06-01,4.76740741729736,NA
"Drink Swan Water Bottle","Adamawa","Rural","Nalomi Dissol",2011-12-01,3.75441122055054,NA
"Drink Swan Water Bottle","Adamawa","Rural","Nalomi Dissol",2012-06-01,4.76740741729736,NA
"Drink Swan Water Bottle","Adamawa","Rural","Numan Gwalam",2011-12-01,3.75441122055054,NA
"Drink Swan Water Bottle","Adamawa","Rural","Numan Gwalam",2012-06-01,4.76740741729736,NA
"Drink Swan Water Bottle","Adamawa","Urban","Numan",2012-06-01,4.76740741729736,NA
"Drink Swan Water Bottle","Adamawa","Rural","Sarau",2011-12-01,3.75441122055054,NA
"Drink Swan Water Bottle","Adamawa","Rural","Sarau",2012-06-01,4.76740741729736,NA
"Drink Swan Water Bottle","Adamawa","Rural","Sebore Suka",2011-12-01,3.75441122055054,NA
"Drink Swan Water Bottle","Adamawa","Rural","Sebore Suka",2012-06-01,4.76740741729736,NA
"Drink Swan Water Bottle","Adamawa","Rural","Shuwa",2011-12-01,3.75441122055054,NA
"Drink Swan Water Bottle","Adamawa","Rural","Shuwa",2012-06-01,4.76740741729736,NA
"Drink Swan Water Bottle","Adamawa","Rural","Song (Gombi old mkt)",2011-12-01,3.75441122055054,NA
"Drink Swan Water Bottle","Adamawa","Rural","Song (Gombi old mkt)",2012-06-01,4.76740741729736,NA
"Drink Swan Water Bottle","Adamawa","Rural","Sunday Bwatasin",2011-12-01,3.75441122055054,NA
"Drink Swan Water Bottle","Adamawa","Rural","Sunday Bwatasin",2012-06-01,4.76740741729736,NA
"Drink Swan Water Bottle","Adamawa","Rural","Zhau",2011-12-01,3.75441122055054,NA
"Drink Swan Water Bottle","Adamawa","Rural","Zhau",2012-06-01,4.76740741729736,NA
"Drink Swan Water Bottle","Anambra","Rural","Ebede Ogbu",2009-12-01,0,NA
"Drink Swan Water Bottle","Anambra","Urban","Onitsha",2009-12-01,0,NA
"Drink Swan Water Bottle","Bauchi","Urban","Giada",2010-06-01,0,NA
"Drink Swan Water Bottle","Bauchi","Urban","Wunti Market",2009-12-01,0,NA
"Drink Swan Water Bottle","Bayelsa","Rural","Achibowe/Omonibo",2012-12-01,1.44398212432861,NA
"Drink Swan Water Bottle","Bayelsa","Rural","Agric Qtrs",2012-12-01,1.44398212432861,NA
"Drink Swan Water Bottle","Bayelsa","Rural","Akenfa Roadside Yenegoa lga",2012-12-01,1.44398212432861,NA
"Drink Swan Water Bottle","Bayelsa","Rural","Ayama mkt Ekeremo lga",2012-12-01,1.44398212432861,NA
"Drink Swan Water Bottle","Bayelsa","Rural","Camp I",2012-12-01,1.44398212432861,NA
"Drink Swan Water Bottle","Bayelsa","Rural","Egwema",2012-12-01,1.44398212432861,NA
"Drink Swan Water Bottle","Bayelsa","Rural","Elebele",2012-12-01,1.44398212432861,NA
"Drink Swan Water Bottle","Bayelsa","Rural","Furupa",2012-12-01,1.44398212432861,NA
"Drink Swan Water Bottle","Bayelsa","Urban","Nembe",2012-12-01,1.44398212432861,NA
"Drink Swan Water Bottle","Bayelsa","Rural","Obirigbene",2012-12-01,1.44398212432861,NA
"Drink Swan Water Bottle","Bayelsa","Rural","Oborigbi-Kiri",2012-12-01,1.44398212432861,NA
"Drink Swan Water Bottle","Bayelsa","Rural","Odi",2012-12-01,1.44398212432861,NA
"Drink Swan Water Bottle","Bayelsa","Rural","Ofoni",2012-12-01,1.44398212432861,NA
"Drink Swan Water Bottle","Bayelsa","Rural","Olatubu",2012-12-01,1.44398212432861,NA
"Drink Swan Water Bottle","Bayelsa","Rural","Olokpobiri",2012-12-01,1.44398212432861,NA
"Drink Swan Water Bottle","Bayelsa","Rural","Osagbama mkt Sagbama lga",2012-12-01,1.44398212432861,NA
"Drink Swan Water Bottle","Bayelsa","Rural","Otuasega",2012-12-01,1.44398212432861,NA
"Drink Swan Water Bottle","Bayelsa","Rural","Sounkiri",2012-12-01,1.44398212432861,NA
"Drink Swan Water Bottle","Bayelsa","Urban","Yenogoa-Amaiata",2012-12-01,1.44398212432861,NA
"Drink Swan Water Bottle","Bayelsa","Urban","Yenogoa-Ekki",2012-12-01,1.44398212432861,NA
"Drink Swan Water Bottle","Bayelsa","Urban","Yenogoa-Mbiama",2012-12-01,1.44398212432861,NA
"Drink Swan Water Bottle","Bayelsa","Urban","Yenogoa",2012-12-01,1.44398212432861,NA
"Drink Swan Water Bottle","Borno","Rural","Ari Bukar",2009-12-01,0,NA
"Drink Swan Water Bottle","Borno","Rural","B.Kauji",2009-12-01,0,NA
"Drink Swan Water Bottle","Borno","Rural","B.Tujani",2009-12-01,0,NA
"Drink Swan Water Bottle","Borno","Rural","M.Bukar",2009-12-01,0,NA
"Drink Swan Water Bottle","Borno","Rural","M.Maryam",2009-12-01,0,NA
"Drink Swan Water Bottle","Enugu","Rural","Nkwo Ezeagu-Azeagu",2009-12-01,0,NA
"Drink Swan Water Bottle","FCT","Rural","Abaji market",2010-06-01,0,NA
"Drink Swan Water Bottle","FCT","Rural","Abaji market",2010-12-01,0,NA
"Drink Swan Water Bottle","FCT","Rural","Abaji-Abuja",2010-06-01,0,NA
"Drink Swan Water Bottle","FCT","Rural","Abaji-Abuja",2010-12-01,0,NA
"Drink Swan Water Bottle","FCT","Rural","Bwari-Abuja",2009-12-01,0,NA
"Drink Swan Water Bottle","FCT","Rural","Bwari",2010-06-01,0,NA
"Drink Swan Water Bottle","FCT","Rural","Bwari",2010-12-01,0,NA
"Drink Swan Water Bottle","FCT","Rural","Dafa",2010-06-01,0,NA
"Drink Swan Water Bottle","FCT","Rural","Dafa",2010-12-01,0,NA
"Drink Swan Water Bottle","FCT","Urban","Garki",2011-06-01,2.71501445770264,NA
"Drink Swan Water Bottle","FCT","Rural","Gwagwa",2010-06-01,0,NA
"Drink Swan Water Bottle","FCT","Rural","Gwagwa",2010-12-01,0,NA
"Drink Swan Water Bottle","FCT","Urban","Gwagwalada-Abuja",2009-12-01,0,NA
"Drink Swan Water Bottle","FCT","Urban","Gwagwalada-Abuja",2011-06-01,2.71501445770264,NA
"Drink Swan Water Bottle","FCT","Urban","Karmo-Abuja",2009-12-01,0,NA
"Drink Swan Water Bottle","FCT","Urban","Karmo-Abuja",2011-06-01,2.71501445770264,NA
"Drink Swan Water Bottle","FCT","Urban","Kubwa",2011-06-01,2.71501445770264,NA
"Drink Swan Water Bottle","FCT","Rural","Kuje Gudun karva mkt",2010-06-01,0,NA
"Drink Swan Water Bottle","FCT","Rural","Kuje Gudun karva mkt",2010-12-01,0,NA
"Drink Swan Water Bottle","FCT","Rural","Kuje kujekwa mkt",2010-06-01,0,NA
"Drink Swan Water Bottle","FCT","Rural","Kuje kujekwa mkt",2010-12-01,0,NA
"Drink Swan Water Bottle","FCT","Rural","Kwali market",2010-06-01,0,NA
"Drink Swan Water Bottle","FCT","Rural","Kwali market",2010-12-01,0,NA
"Drink Swan Water Bottle","FCT","Rural","Kwali shafair mkt",2010-06-01,0,NA
"Drink Swan Water Bottle","FCT","Rural","Kwali shafair mkt",2010-12-01,0,NA
"Drink Swan Water Bottle","FCT","Rural","Mpape",2010-06-01,0,NA
"Drink Swan Water Bottle","FCT","Rural","Mpape",2010-12-01,0,NA
"Drink Swan Water Bottle","FCT","Urban","Wuse-Abuja",2011-06-01,2.71501445770264,NA
"Drink Swan Water Bottle","FCT","Urban","Wuse",2011-06-01,2.71501445770264,NA
"Drink Swan Water Bottle","Gombe","Rural","Bayan Dutse",2009-12-01,0,NA
"Drink Swan Water Bottle","Gombe","Rural","G.Hammasayo",2009-12-01,0,NA
"Drink Swan Water Bottle","Gombe","Urban","Kumo",2009-12-01,0,NA
"Drink Swan Water Bottle","Kaduna","Rural","Idon",2009-12-01,0,NA
"Drink Swan Water Bottle","Kebbi","Rural","Makufa",2009-12-01,0,NA
"Drink Swan Water Bottle","Niger","Urban","Kontagora",2009-12-01,0,NA
"Drink Swan Water Bottle","Niger","Rural","Madalla",2009-12-01,0,NA
"Drink Swan Water Bottle","Niger","Rural","Madalla",2010-06-01,0,NA
"Drink Swan Water Bottle","Plateau","Rural","Ang.Madaki",2009-12-01,0,NA
"Drink Swan Water Bottle","Plateau","Urban","Bukuru Rd",2009-12-01,0,NA
"Drink Swan Water Bottle","Plateau","Urban","Bukuru Rd",2010-06-01,0,NA
"Drink Swan Water Bottle","Plateau","Rural","Cocin Tanjol",2009-12-01,0,NA
"Drink Swan Water Bottle","Plateau","Rural","Nadur",2009-12-01,0,NA
"Drink Swan Water Bottle","Taraba","Rural","Jamtari",2009-12-01,0,NA
"Drink Swan Water Bottle","Taraba","Urban","Mutum Biyu",2009-12-01,0,NA
"Drink Swan Water","Abia","Rural","Ndi Mba Hall",2009-12-01,0,NA
"Drink Swan Water","Anambra","Rural","Ebede Ogbu",2009-12-01,0,NA
"Drink Swan Water","Bauchi","Urban","Giada",2010-06-01,0,NA
"Drink Swan Water","Bauchi","Rural","Misau mkt",2009-12-01,0,NA
"Drink Swan Water","Bauchi","Urban","Wunti Market",2009-12-01,0,NA
"Drink Swan Water","Borno","Rural","B.Kauji",2009-12-01,0,NA
"Drink Swan Water","Borno","Rural","B.Musa",2009-12-01,0,NA
"Drink Swan Water","Borno","Rural","M.Maryam",2009-12-01,0,NA
"Drink Swan Water","Borno","Urban","Maiduguri",2009-12-01,0,NA
"Drink Swan Water","Borno","Rural","Sabo Gari",2012-12-01,1.18282759189606,NA
"Drink Swan Water","Edo","Rural","127,New Lagos Road",2012-06-01,4.89048337936401,NA
"Drink Swan Water","Edo","Rural","227,Uwelu Rd",2012-06-01,4.89048337936401,NA
"Drink Swan Water","Edo","Rural","Agbede",2012-06-01,4.89048337936401,NA
"Drink Swan Water","Edo","Rural","Chief Alabi",2012-06-01,4.89048337936401,NA
"Drink Swan Water","Edo","Rural","Ebvoarhue",2012-06-01,4.89048337936401,NA
"Drink Swan Water","Edo","Rural","Edo Pharmaceutical",2012-06-01,4.89048337936401,NA
"Drink Swan Water","Edo","Rural","Egoro",2012-06-01,4.89048337936401,NA
"Drink Swan Water","Edo","Rural","Eguare Ubiaja",2012-06-01,4.89048337936401,NA
"Drink Swan Water","Edo","Rural","Ekpedo",2012-06-01,4.89048337936401,NA
"Drink Swan Water","Edo","Rural","Fugar",2012-06-01,4.89048337936401,NA
"Drink Swan Water","Edo","Rural","Igieduma",2012-06-01,4.89048337936401,NA
"Drink Swan Water","Edo","Rural","Ivbearo",2012-06-01,4.89048337936401,NA
"Drink Swan Water","Edo","Rural","Izedomwen",2012-06-01,4.89048337936401,NA
"Drink Swan Water","Edo","Rural","James Eliepo",2012-06-01,4.89048337936401,NA
"Drink Swan Water","Edo","Rural","John Afesumeh",2012-06-01,4.89048337936401,NA
"Drink Swan Water","Edo","Rural","Malik Jubril",2012-06-01,4.89048337936401,NA
"Drink Swan Water","Edo","Rural","Obedu",2012-06-01,4.89048337936401,NA
"Drink Swan Water","Edo","Rural","Uhie",2012-06-01,4.89048337936401,NA
"Drink Swan Water","Edo","Rural","Urohi",2012-06-01,4.89048337936401,NA
"Drink Swan Water","Edo","Rural","Uwelu mkt",2012-06-01,4.89048337936401,NA
"Drink Swan Water","FCT","Rural","Bwari-Abuja",2009-12-01,0,NA
"Drink Swan Water","FCT","Urban","Karmo-Abuja",2009-12-01,0,NA
"Drink Swan Water","Jigawa","Urban","Birnin Kudu",2011-06-01,2.80395936965942,NA
"Drink Swan Water","Jigawa","Urban","Dutse",2011-06-01,2.80395936965942,NA
"Drink Swan Water","Jigawa","Urban","Hadejia",2011-06-01,2.80395936965942,NA
"Drink Swan Water","Kaduna","Rural","Doka",2009-12-01,0,NA
"Drink Swan Water","Kano","Rural","Sabo Gari",2009-12-01,0,NA
"Drink Swan Water","Nasarawa","Rural","Keana",2010-12-01,3.2675609588623,NA
"Drink Swan Water","Niger","Rural","Madalla",2009-12-01,0,NA
"Drink Swan Water","Niger","Rural","Madalla",2010-06-01,0,NA
"Drink Swan Water","Ogun","Rural","Adao",2009-12-01,0,NA
"Drink Swan Water","Ogun","Rural","Okeate",2009-12-01,0,NA
"Drink Swan Water","Oyo","Urban","Ibadan",2009-12-01,0,NA
"Drink Swan Water","Plateau","Rural","Ang.Madaki",2009-12-01,0,NA
"Drink Swan Water","Plateau","Rural","J.Dabal",2009-12-01,0,NA
"Drink Swan Water","Plateau","Urban","Jos",2011-12-01,2.28051376342773,NA
"Drink Swan Water","Plateau","Rural","K.Abu",2009-12-01,0,NA
"Drink Swan Water","Plateau","Urban","Mangu",2011-12-01,2.28051376342773,NA
"Drink Swan Water","Plateau","Urban","Nass",2011-12-01,2.28051376342773,NA
"Drink Swan Water","Taraba","Urban","Mutum Biyu",2009-12-01,0,NA
"Drink Swan Water","Yobe","Urban","Gashua",2009-12-01,0,NA
"Maize White","Anambra","Rural","Samuel Anolue",2009-12-01,0,NA
"Maize White","Bayelsa","Rural","Achibowe/Omonibo",2012-06-01,0.612007558345795,NA
"Maize White","Bayelsa","Rural","Agric Qtrs",2012-06-01,0.612007558345795,NA
"Maize White","Bayelsa","Rural","Akenfa Roadside Yenegoa lga",2012-06-01,0.612007558345795,NA
"Maize White","Bayelsa","Rural","Ayama mkt Ekeremo lga",2012-06-01,0.612007558345795,NA
"Maize White","Bayelsa","Rural","Camp I",2012-06-01,0.612007558345795,NA
"Maize White","Bayelsa","Rural","Egwema",2012-06-01,0.612007558345795,NA
"Maize White","Bayelsa","Rural","Elebele",2012-06-01,0.612007558345795,NA
"Maize White","Bayelsa","Rural","Furupa",2012-06-01,0.612007558345795,NA
"Maize White","Bayelsa","Urban","Nembe",2012-06-01,0.612007558345795,NA
"Maize White","Bayelsa","Rural","Obirigbene",2012-06-01,0.612007558345795,NA
"Maize White","Bayelsa","Rural","Oborigbi-Kiri",2012-06-01,0.612007558345795,NA
"Maize White","Bayelsa","Rural","Odi",2012-06-01,0.612007558345795,NA
"Maize White","Bayelsa","Rural","Ofoni",2012-06-01,0.612007558345795,NA
"Maize White","Bayelsa","Rural","Olatubu",2012-06-01,0.612007558345795,NA
"Maize White","Bayelsa","Rural","Olokpobiri",2012-06-01,0.612007558345795,NA
"Maize White","Bayelsa","Rural","Osagbama mkt Sagbama lga",2012-06-01,0.612007558345795,NA
"Maize White","Bayelsa","Rural","Otuasega",2012-06-01,0.612007558345795,NA
"Maize White","Bayelsa","Rural","Sounkiri",2012-06-01,0.612007558345795,NA
"Maize White","Bayelsa","Urban","Yenogoa-Amaiata",2012-06-01,0.612007558345795,NA
"Maize White","Bayelsa","Urban","Yenogoa-Ekki",2012-06-01,0.612007558345795,NA
"Maize White","Bayelsa","Urban","Yenogoa-Mbiama",2012-06-01,0.612007558345795,NA
"Maize White","Bayelsa","Urban","Yenogoa",2012-06-01,0.612007558345795,NA
"Maize White","Benue","Urban","Gboko",2009-12-01,0,NA
"Maize White","Borno","Rural","Sabo Gari",2012-12-01,2.84252953529358,NA
"Maize White","Edo","Urban","Auchi",2011-12-01,6.299973487854,NA
"Maize White","Edo","Urban","Benin",2011-12-01,6.299973487854,NA
"Maize White","Edo","Urban","Ekpoma",2011-12-01,6.299973487854,NA
"Maize White","Edo","Urban","Uromi",2011-12-01,6.299973487854,NA
"Maize White","Ekiti","Rural","Ago Igbira",2010-06-01,0.624445974826813,NA
"Maize White","Enugu","Rural","Afor Iwollo - Ezeagu",2009-12-01,0,NA
"Maize White","Enugu","Rural","Nkwo-Agu Udi",2009-12-01,0,NA
"Maize White","Enugu","Rural","Nkwo-Ehamufu-Isi-Uzo",2009-12-01,0,NA
"Maize White","Jigawa","Urban","Birnin Kudu",2011-06-01,4.48725748062134,NA
"Maize White","Jigawa","Urban","Dutse",2011-06-01,4.48725748062134,NA
"Maize White","Jigawa","Urban","Hadejia",2011-06-01,4.48725748062134,NA
"Maize White","Plateau","Urban","Mangu",2010-12-01,3.34047603607178,NA
"Maize White","Yobe","Rural","Potiskum",2009-12-01,0,NA
"Maize Yellow","Adamawa","Rural","Biyama Hospital",2009-12-01,0,NA
"Maize Yellow","Benue","Urban","Gboko",2009-12-01,0,NA
"Maize Yellow","Borno","Rural","Sabo Gari",2012-12-01,4.13827705383301,NA
"Maize Yellow","Ekiti","Rural","Ago Igbira",2010-06-01,0.601884007453918,NA
"Maize Yellow","Enugu","Rural","Afor Iwollo - Ezeagu",2009-12-01,0,NA
"Maize Yellow","Enugu","Rural","Nkwo-Agu Udi",2009-12-01,0,NA
"Maize Yellow","Jigawa","Rural","Amaryawa",2011-12-01,5.50156593322754,NA
"Maize Yellow","Jigawa","Rural","Amaryawa",2012-06-01,6.71645498275757,NA
"Maize Yellow","Jigawa","Rural","Bafuriya",2011-12-01,5.50156593322754,NA
"Maize Yellow","Jigawa","Rural","Bafuriya",2012-06-01,6.71645498275757,NA
"Maize Yellow","Jigawa","Rural","Bardo Gabas",2011-12-01,5.50156593322754,NA
"Maize Yellow","Jigawa","Rural","Bardo Gabas",2012-06-01,6.71645498275757,NA
"Maize Yellow","Jigawa","Urban","Birnin Kudu",2012-06-01,6.71645498275757,NA
"Maize Yellow","Jigawa","Rural","Busuru",2011-12-01,5.50156593322754,NA
"Maize Yellow","Jigawa","Rural","Busuru",2012-06-01,6.71645498275757,NA
"Maize Yellow","Jigawa","Rural","Dangyatm",2011-12-01,5.50156593322754,NA
"Maize Yellow","Jigawa","Rural","Dangyatm",2012-06-01,6.71645498275757,NA
"Maize Yellow","Jigawa","Rural","Dankama",2011-12-01,5.50156593322754,NA
"Maize Yellow","Jigawa","Rural","Dankama",2012-06-01,6.71645498275757,NA
"Maize Yellow","Jigawa","Rural","Dina Cikin Gari",2011-12-01,5.50156593322754,NA
"Maize Yellow","Jigawa","Rural","Dina Cikin Gari",2012-06-01,6.71645498275757,NA
"Maize Yellow","Jigawa","Urban","Dutse",2012-06-01,6.71645498275757,NA
"Maize Yellow","Jigawa","Rural","Farin Dutse",2011-12-01,5.50156593322754,NA
"Maize Yellow","Jigawa","Rural","Farin Dutse",2012-06-01,6.71645498275757,NA
"Maize Yellow","Jigawa","Rural","Gidan Adana",2011-12-01,5.50156593322754,NA
"Maize Yellow","Jigawa","Rural","Gidan Adana",2012-06-01,6.71645498275757,NA
"Maize Yellow","Jigawa","Rural","Guri",2011-12-01,5.50156593322754,NA
"Maize Yellow","Jigawa","Rural","Guri",2012-06-01,6.71645498275757,NA
"Maize Yellow","Jigawa","Urban","Hadejia",2012-06-01,6.71645498275757,NA
"Maize Yellow","Jigawa","Rural","Jabo",2011-12-01,5.50156593322754,NA
"Maize Yellow","Jigawa","Rural","Jabo",2012-06-01,6.71645498275757,NA
"Maize Yellow","Jigawa","Rural","Kangarwa",2011-12-01,5.50156593322754,NA
"Maize Yellow","Jigawa","Rural","Kangarwa",2012-06-01,6.71645498275757,NA
"Maize Yellow","Jigawa","Rural","Kazaure",2012-06-01,6.71645498275757,NA
"Maize Yellow","Jigawa","Urban","Kazaure",2012-06-01,6.71645498275757,NA
"Maize Yellow","Jigawa","Rural","Kila Gwaram",2011-12-01,5.50156593322754,NA
"Maize Yellow","Jigawa","Rural","Kila Gwaram",2012-06-01,6.71645498275757,NA
"Maize Yellow","Jigawa","Rural","Kudai",2011-12-01,5.50156593322754,NA
"Maize Yellow","Jigawa","Rural","Kudai",2012-06-01,6.71645498275757,NA
"Maize Yellow","Jigawa","Rural","M.Sule Iiaki",2011-12-01,5.50156593322754,NA
"Maize Yellow","Jigawa","Rural","M.Sule Iiaki",2012-06-01,6.71645498275757,NA
"Maize Yellow","Jigawa","Rural","Makeri Alh Bako",2011-12-01,5.50156593322754,NA
"Maize Yellow","Jigawa","Rural","Makeri Alh Bako",2012-06-01,6.71645498275757,NA
"Maize Yellow","Jigawa","Rural","Shawara Adamu",2011-12-01,5.50156593322754,NA
"Maize Yellow","Jigawa","Rural","Shawara Adamu",2012-06-01,6.71645498275757,NA
"Maize Yellow","Jigawa","Rural","Tabaris",2011-12-01,5.50156593322754,NA
"Maize Yellow","Jigawa","Rural","Tabaris",2012-06-01,6.71645498275757,NA
"Maize Yellow","Jigawa","Rural","Tarewa Fulani",2011-12-01,5.50156593322754,NA
"Maize Yellow","Jigawa","Rural","Tarewa Fulani",2012-06-01,6.71645498275757,NA
"Maize Yellow","Jigawa","Rural","Tukuda",2011-12-01,5.50156593322754,NA
"Maize Yellow","Jigawa","Rural","Tukuda",2012-06-01,6.71645498275757,NA
"Maize Yellow","Jigawa","Rural","Ung.Tsangaya",2011-12-01,5.50156593322754,NA
"Maize Yellow","Jigawa","Rural","Ung.Tsangaya",2012-06-01,6.71645498275757,NA
"Maize Yellow","Jigawa","Rural","Unguwar Kaina",2011-12-01,5.50156593322754,NA
"Maize Yellow","Jigawa","Rural","Unguwar Kaina",2012-06-01,6.71645498275757,NA
"Maize Yellow","Nasarawa","Rural","Central Mosque",2010-12-01,3.51761627197266,NA
"Maize Yellow","Rivers","Urban","Ahoada",2011-06-01,4.19836807250977,NA
"Maize Yellow","Rivers","Urban","Bonny",2011-06-01,4.19836807250977,NA
"Maize Yellow","Rivers","Urban","Bori",2011-06-01,4.19836807250977,NA
"Maize Yellow","Rivers","Urban","Degema",2011-06-01,4.19836807250977,NA
"Maize Yellow","Rivers","Urban","Port-Harcourt",2011-06-01,4.19836807250977,NA
"Maize Yellow","Yobe","Rural","Potiskum",2009-12-01,0,NA
"Rice Imported","Bauchi","Urban","Azare",2009-12-01,0.0389752984046936,NA
"Rice Imported","Bayelsa","Rural","Achibowe/Omonibo",2012-06-01,0.27772456407547,NA
"Rice Imported","Bayelsa","Rural","Agric Qtrs",2012-06-01,0.27772456407547,NA
"Rice Imported","Bayelsa","Rural","Akenfa Roadside Yenegoa lga",2012-06-01,0.27772456407547,NA
"Rice Imported","Bayelsa","Rural","Ayama mkt Ekeremo lga",2012-06-01,0.27772456407547,NA
"Rice Imported","Bayelsa","Rural","Camp I",2012-06-01,0.27772456407547,NA
"Rice Imported","Bayelsa","Rural","Egwema",2012-06-01,0.27772456407547,NA
"Rice Imported","Bayelsa","Rural","Elebele",2012-06-01,0.27772456407547,NA
"Rice Imported","Bayelsa","Rural","Furupa",2012-06-01,0.27772456407547,NA
"Rice Imported","Bayelsa","Urban","Nembe",2012-06-01,0.27772456407547,NA
"Rice Imported","Bayelsa","Rural","Obirigbene",2012-06-01,0.27772456407547,NA
"Rice Imported","Bayelsa","Rural","Oborigbi-Kiri",2012-06-01,0.27772456407547,NA
"Rice Imported","Bayelsa","Rural","Odi",2012-06-01,0.27772456407547,NA
"Rice Imported","Bayelsa","Rural","Ofoni",2012-06-01,0.27772456407547,NA
"Rice Imported","Bayelsa","Rural","Olatubu",2012-06-01,0.27772456407547,NA
"Rice Imported","Bayelsa","Rural","Olokpobiri",2012-06-01,0.27772456407547,NA
"Rice Imported","Bayelsa","Rural","Osagbama mkt Sagbama lga",2012-06-01,0.27772456407547,NA
"Rice Imported","Bayelsa","Rural","Otuasega",2012-06-01,0.27772456407547,NA
"Rice Imported","Bayelsa","Rural","Sounkiri",2012-06-01,0.27772456407547,NA
"Rice Imported","Bayelsa","Urban","Yenogoa-Amaiata",2012-06-01,0.27772456407547,NA
"Rice Imported","Bayelsa","Urban","Yenogoa-Ekki",2012-06-01,0.27772456407547,NA
"Rice Imported","Bayelsa","Urban","Yenogoa-Mbiama",2012-06-01,0.27772456407547,NA
"Rice Imported","Bayelsa","Urban","Yenogoa",2012-06-01,0.27772456407547,NA
"Rice Imported","Borno","Rural","Sabo Gari",2012-12-01,2.74890947341919,NA
"Rice Imported","FCT","Rural","Abaji market",2011-06-01,2.49951887130737,NA
"Rice Imported","FCT","Rural","Abaji-Abuja",2011-06-01,2.49951887130737,NA
"Rice Imported","FCT","Rural","Bwari",2011-06-01,2.49951887130737,NA
"Rice Imported","FCT","Rural","Dafa",2011-06-01,2.49951887130737,NA
"Rice Imported","FCT","Rural","Gwagwa",2011-06-01,2.49951887130737,NA
"Rice Imported","FCT","Rural","Kuje Gudun karva mkt",2011-06-01,2.49951887130737,NA
"Rice Imported","FCT","Rural","Kuje kujekwa mkt",2011-06-01,2.49951887130737,NA
"Rice Imported","FCT","Rural","Kwali market",2011-06-01,2.49951887130737,NA
"Rice Imported","FCT","Rural","Kwali shafair mkt",2011-06-01,2.49951887130737,NA
"Rice Imported","FCT","Rural","Mpape",2011-06-01,2.49951887130737,NA
"Rice Imported","Kwara","Urban","Ilorin",2011-12-01,3.4899435043335,NA
"Rice Imported","Kwara","Urban","Jebba",2011-12-01,3.4899435043335,NA
"Rice Imported","Kwara","Urban","Offa",2011-12-01,3.4899435043335,NA
"Rice Imported","Kwara","Urban","Pategi",2011-12-01,3.4899435043335,NA
"Rice Imported","Plateau","Urban","Jos",2010-06-01,1.97201502323151,NA
"Rice Imported","Plateau","Urban","Jos",2010-12-01,2.07899594306946,NA
"Rice Local","Bauchi","Urban","Azare",2011-12-01,7.1286997795105,NA
"Rice Local","Bauchi","Urban","Central Market",2011-12-01,7.1286997795105,NA
"Rice Local","Benue","Urban","Gboko",2009-12-01,0,NA
"Rice Local","Borno","Rural","Sabo Gari",2012-12-01,0.818263113498688,NA
"Rice Local","Kwara","Urban","Ilorin",2011-06-01,4.97409248352051,NA
"Rice Local","Kwara","Urban","Jebba",2011-06-01,4.97409248352051,NA
"Rice Local","Kwara","Urban","Offa",2011-06-01,4.97409248352051,NA
"Rice Local","Kwara","Urban","Pategi",2011-06-01,4.97409248352051,NA
"Rice Local","Lagos","Rural","Adeniyi mushin lga",2012-06-01,3.03933620452881,NA
"Rice Local","Lagos","Rural","Agbalata-Badagary",2012-06-01,3.03933620452881,NA
"Rice Local","Lagos","Urban","Agege",2012-06-01,3.03933620452881,NA
"Rice Local","Lagos","Rural","Akinola mkt Apapa LGA",2012-06-01,3.03933620452881,NA
"Rice Local","Lagos","Rural","Alapere plank mkt Kosofe lga",2012-06-01,3.03933620452881,NA
"Rice Local","Lagos","Urban","Anikantamo",2012-06-01,3.03933620452881,NA
"Rice Local","Lagos","Urban","Apapa",2010-12-01,2.66815137863159,NA
"Rice Local","Lagos","Urban","Apapa",2012-06-01,3.03933620452881,NA
"Rice Local","Lagos","Urban","Ayetoro - Epe",2012-06-01,3.03933620452881,NA
"Rice Local","Lagos","Rural","Binupo Badagry lga",2012-06-01,3.03933620452881,NA
"Rice Local","Lagos","Rural","Bonbata mkt Lagos Island lga",2012-06-01,3.03933620452881,NA
"Rice Local","Lagos","Rural","Dopemu",2012-06-01,3.03933620452881,NA
"Rice Local","Lagos","Urban","Ereko",2012-06-01,3.03933620452881,NA
"Rice Local","Lagos","Rural","Hundeyin-Badagary",2012-06-01,3.03933620452881,NA
"Rice Local","Lagos","Rural","Ijede-Ikorodu",2012-06-01,3.03933620452881,NA
"Rice Local","Lagos","Urban","Ikeja",2012-06-01,3.03933620452881,NA
"Rice Local","Lagos","Rural","Ikoga-Badagary",2012-06-01,3.03933620452881,NA
"Rice Local","Lagos","Rural","Ikosi",2012-06-01,3.03933620452881,NA
"Rice Local","Lagos","Urban","Iworo- Ikorodu",2012-06-01,3.03933620452881,NA
"Rice Local","Lagos","Urban","Jankara/Idumota",2012-06-01,3.03933620452881,NA
"Rice Local","Lagos","Rural","Katangua mkt Alimosho lga",2012-06-01,3.03933620452881,NA
"Rice Local","Lagos","Rural","Kusumu Aguda plank Surulere lga",2012-06-01,3.03933620452881,NA
"Rice Local","Lagos","Urban","Lagos Island",2012-06-01,3.03933620452881,NA
"Rice Local","Lagos","Rural","Mojoda-Epe",2012-06-01,3.03933620452881,NA
"Rice Local","Lagos","Rural","Oja-Oba-Ketu",2012-06-01,3.03933620452881,NA
"Rice Local","Lagos","Rural","Olubode-Onifade",2012-06-01,3.03933620452881,NA
"Rice Local","Lagos","Rural","Onifade mkt Agege lga",2012-06-01,3.03933620452881,NA
"Rice Local","Lagos","Rural","Oshodi",2012-06-01,3.03933620452881,NA
"Rice Local","Lagos","Urban","Oshodi",2012-06-01,3.03933620452881,NA
"Rice Local","Lagos","Rural","Oyadiran mkt mainland lga",2012-06-01,3.03933620452881,NA
"Rice Local","Lagos","Urban","Sangrouse",2012-06-01,3.03933620452881,NA
"Rice Local","Lagos","Rural","Second gate mkt Etiosa lga",2012-06-01,3.03933620452881,NA
"Rice Local","Lagos","Rural","sawmill mkt Ikorodu lga",2012-06-01,3.03933620452881,NA
"Rice Local","Rivers","Urban","Ahoada",2010-06-01,0,NA
"Rice Local","Rivers","Urban","Bonny",2010-06-01,0,NA
"Rice Local","Rivers","Urban","Bori",2010-06-01,0,NA
"Rice Local","Rivers","Urban","Degema",2010-06-01,0,NA
"Rice Local","Rivers","Urban","Port-Harcourt",2010-06-01,0,NA
"Sorghum","Abia","Urban","Umuahia",2009-12-01,0,NA
"Sorghum","Ekiti","Rural","Ago Igbira",2010-06-01,0.311528086662292,NA
"Sorghum","Enugu","Rural","Nkwo-Agu Udi",2009-12-01,0,NA
"Sorghum","Enugu","Rural","Nkwo-Ehamufu-Isi-Uzo",2009-12-01,0,NA
"Sorghum","FCT","Rural","Abaji market",2010-12-01,3.31943583488464,NA
"Sorghum","FCT","Rural","Abaji market",2011-06-01,6.57657241821289,NA
"Sorghum","FCT","Rural","Abaji-Abuja",2011-06-01,6.57657241821289,NA
"Sorghum","FCT","Rural","Bwari",2010-12-01,3.31943583488464,NA
"Sorghum","FCT","Rural","Bwari",2011-06-01,6.57657241821289,NA
"Sorghum","FCT","Rural","Dafa",2010-12-01,3.31943583488464,NA
"Sorghum","FCT","Rural","Dafa",2011-06-01,6.57657241821289,NA
"Sorghum","FCT","Rural","Gwagwa",2010-12-01,3.31943583488464,NA
"Sorghum","FCT","Rural","Gwagwa",2011-06-01,6.57657241821289,NA
"Sorghum","FCT","Rural","Kuje Gudun karva mkt",2010-12-01,3.31943583488464,NA
"Sorghum","FCT","Rural","Kuje Gudun karva mkt",2011-06-01,6.57657241821289,NA
"Sorghum","FCT","Rural","Kuje kujekwa mkt",2010-12-01,3.31943583488464,NA
"Sorghum","FCT","Rural","Kuje kujekwa mkt",2011-06-01,6.57657241821289,NA
"Sorghum","FCT","Rural","Kwali market",2010-12-01,3.31943583488464,NA
"Sorghum","FCT","Rural","Kwali market",2011-06-01,6.57657241821289,NA
"Sorghum","FCT","Rural","Kwali shafair mkt",2010-12-01,3.31943583488464,NA
"Sorghum","FCT","Rural","Kwali shafair mkt",2011-06-01,6.57657241821289,NA
"Sorghum","FCT","Rural","Mpape",2010-12-01,3.31943583488464,NA
"Sorghum","FCT","Rural","Mpape",2011-06-01,6.57657241821289,NA
"Sorghum","Imo","Urban","Eke Owerri",2012-12-01,5.91701745986938,NA
"Sorghum","Imo","Urban","New Market",2012-12-01,5.91701745986938,NA
"Sorghum","Imo","Urban","Okigwe",2012-12-01,5.91701745986938,NA
"Sorghum","Imo","Urban","Owerri",2012-12-01,5.91701745986938,NA
"Sorghum","Imo","Urban","Relief Market",2012-12-01,5.91701745986938,NA
"Sorghum","Imo","Urban","Umuoronjo",2012-12-01,5.91701745986938,NA
"Sorghum","Ondo","Urban","Akure",2011-12-01,7.48405170440674,NA
"Sorghum","Ondo","Urban","Akure",2012-06-01,3.98654413223267,NA
"Sorghum","Ondo","Urban","Okitipupa",2009-12-01,0,NA
"Sorghum","Ondo","Urban","Okitipupa",2011-12-01,7.48405170440674,NA
"Sorghum","Ondo","Urban","Okitipupa",2012-06-01,3.98654413223267,NA
"Sorghum","Ondo","Urban","Ondo",2011-12-01,7.48405170440674,NA
"Sorghum","Ondo","Urban","Ondo",2012-06-01,3.98654413223267,NA
"Sorghum","Ondo","Urban","Owo",2011-12-01,7.48405170440674,NA
"Sorghum","Ondo","Urban","Owo",2012-06-01,3.98654413223267,NA
"Sorghum","Yobe","Rural","Mal Lauwali",2009-12-01,0,NA
